time_sec,x,y,z,yaw
639.684,3.553977035319359,-4.653786321021864,0.0,-1.235414525576311
639.705,3.553977035319359,-4.653786321021864,0.0,-1.235414525576311
639.726,3.553977035319359,-4.653786321021864,0.0,-1.235414525576311
639.747,3.553977035319359,-4.653786321021864,0.0,-1.235414525576311
639.768,3.553977035319359,-4.653786321021864,0.0,-1.235414525576311
639.789,3.553977035319359,-4.653786321021864,0.0,-1.235414525576311
639.81,3.553977035319359,-4.653786321021864,0.0,-1.235414525576311
639.831,3.553977035319359,-4.653786321021864,0.0,-1.235414525576311
639.852,3.553977035319359,-4.653786321021864,0.0,-1.235414525576311
639.873,3.553977035319359,-4.653786321021864,0.0,-1.235414525576311
639.894,3.553977035319359,-4.653786321021864,0.0,-1.235414525576311
639.915,3.553977035319359,-4.653786321021864,0.0,-1.235414525576311
639.936,3.553977035319359,-4.653786321021864,0.0,-1.235414525576311
639.957,3.553977035319359,-4.653786321021864,0.0,-1.235414525576311
639.978,3.553977035319359,-4.653786321021864,0.0,-1.235414525576311
639.999,3.553977035319359,-4.653786321021864,0.0,-1.235414525576311
640.02,3.553977035319359,-4.653786321021864,0.0,-1.235414525576311
640.041,3.553977035319359,-4.653786321021864,0.0,-1.235414525576311
640.062,3.553977035319359,-4.653786321021864,0.0,-1.235414525576311
640.083,3.553977035319359,-4.653786321021864,0.0,-1.235414525576311
640.104,3.553977035319359,-4.653786321021864,0.0,-1.235414525576311
640.125,3.553977035319359,-4.653786321021864,0.0,-1.235414525576311
640.146,3.553977035319359,-4.653786321021864,0.0,-1.235414525576311
640.167,3.553977035319359,-4.653786321021864,0.0,-1.235414525576311
640.188,3.553977035319359,-4.653786321021864,0.0,-1.235414525576311
640.209,3.553977035319359,-4.653786321021864,0.0,-1.235414525576311
640.23,3.553977035319359,-4.653786321021864,0.0,-1.235414525576311
640.251,3.553977035319359,-4.653786321021864,0.0,-1.235414525576311
640.272,3.553977035319359,-4.653786321021864,0.0,-1.235414525576311
640.293,3.553977035319359,-4.653786321021864,0.0,-1.235414525576311
640.314,3.553977035319359,-4.653786321021864,0.0,-1.235414525576311
640.335,3.553977035319359,-4.653786321021864,0.0,-1.235414525576311
640.356,3.553977035319359,-4.653786321021864,0.0,-1.235414525576311
640.377,3.553977035319359,-4.653786321021864,0.0,-1.235414525576311
640.398,3.553977035319359,-4.653786321021864,0.0,-1.235414525576311
640.419,3.553977035319359,-4.653786321021864,0.0,-1.235414525576311
640.44,3.553977035319359,-4.653786321021864,0.0,-1.235414525576311
640.461,3.553977035319359,-4.653786321021864,0.0,-1.235414525576311
640.482,3.553977035319359,-4.653786321021864,0.0,-1.235414525576311
640.503,3.553977035319359,-4.653786321021864,0.0,-1.235414525576311
640.524,3.553977035319359,-4.653786321021864,0.0,-1.235414525576311
640.545,3.553977035319359,-4.653786321021864,0.0,-1.235414525576311
640.566,3.553977035319359,-4.653786321021864,0.0,-1.235414525576311
640.587,3.553977035319359,-4.653786321021864,0.0,-1.235414525576311
640.608,3.553977035319359,-4.653786321021864,0.0,-1.235414525576311
640.629,3.553977035319359,-4.653786321021864,0.0,-1.235414525576311
640.65,3.553977035319359,-4.653786321021864,0.0,-1.235414525576311
640.671,3.553977035319359,-4.653786321021864,0.0,-1.235414525576311
640.692,3.553977035319359,-4.653786321021864,0.0,-1.235414525576311
640.713,3.553977035319359,-4.653786321021864,0.0,-1.235414525576311
640.734,3.553977035319359,-4.653786321021864,0.0,-1.235414525576311
640.755,3.553977035319359,-4.653786321021864,0.0,-1.235414525576311
640.776,3.553977035319359,-4.653786321021864,0.0,-1.235414525576311
640.797,3.553977035319359,-4.653786321021864,0.0,-1.235414525576311
640.818,3.553977035319359,-4.653786321021864,0.0,-1.235414525576311
640.839,3.553977035319359,-4.653786321021864,0.0,-1.235414525576311
640.86,3.553977035319359,-4.653786321021864,0.0,-1.235414525576311
640.881,3.553977035319359,-4.653786321021864,0.0,-1.235414525576311
640.902,3.553977035319359,-4.653786321021864,0.0,-1.235414525576311
640.923,3.553977035319359,-4.653786321021864,0.0,-1.235414525576311
640.944,3.553977035319359,-4.653786321021864,0.0,-1.235414525576311
640.965,3.553977035319359,-4.653786321021864,0.0,-1.235414525576311
640.986,3.553977035319359,-4.653786321021864,0.0,-1.235414525576311
641.007,3.553977035319359,-4.653786321021864,0.0,-1.235414525576311
641.028,3.553977035319359,-4.653786321021864,0.0,-1.235414525576311
641.049,3.553977035319359,-4.653786321021864,0.0,-1.235414525576311
641.07,3.553977035319359,-4.653786321021864,0.0,-1.235414525576311
641.091,3.553977035319359,-4.653786321021864,0.0,-1.235414525576311
641.112,3.553977035319359,-4.653786321021864,0.0,-1.235414525576311
641.133,3.553977035319359,-4.653786321021864,0.0,-1.235414525576311
641.154,3.553977035319359,-4.653786321021864,0.0,-1.235414525576311
641.175,3.553977035319359,-4.653786321021864,0.0,-1.235414525576311
641.196,3.553977035319359,-4.653786321021864,0.0,-1.235414525576311
641.217,3.553977035319359,-4.653786321021864,0.0,-1.235414525576311
641.238,3.553977035319359,-4.653786321021864,0.0,-1.235414525576311
641.259,3.553977035319359,-4.653786321021864,0.0,-1.235414525576311
641.28,3.553977035319359,-4.653786321021864,0.0,-1.235414525576311
641.301,3.553977035319359,-4.653786321021864,0.0,-1.235414525576311
641.322,3.553977035319359,-4.653786321021864,0.0,-1.235414525576311
641.343,3.553977035319359,-4.653786321021864,0.0,-1.235414525576311
641.364,3.553977035319359,-4.653786321021864,0.0,-1.235414525576311
641.385,3.553977035319359,-4.653786321021864,0.0,-1.235414525576311
641.406,3.553977035319359,-4.653786321021864,0.0,-1.235414525576311
641.427,3.553977035319359,-4.653786321021864,0.0,-1.235414525576311
641.448,3.553977035319359,-4.653786321021864,0.0,-1.235414525576311
641.469,3.553977035319359,-4.653786321021864,0.0,-1.235414525576311
641.49,3.553977035319359,-4.653786321021864,0.0,-1.235414525576311
641.511,3.553977035319359,-4.653786321021864,0.0,-1.235414525576311
641.532,3.553977035319359,-4.653786321021864,0.0,-1.235414525576311
641.553,3.553977035319359,-4.653786321021864,0.0,-1.235414525576311
641.574,3.553977035319359,-4.653786321021864,0.0,-1.235414525576311
641.595,3.553977035319359,-4.653786321021864,0.0,-1.235414525576311
641.616,3.553977035319359,-4.653786321021864,0.0,-1.235414525576311
641.637,3.553977035319359,-4.653786321021864,0.0,-1.235414525576311
641.658,3.553977035319359,-4.653786321021864,0.0,-1.235414525576311
641.679,3.553977035319359,-4.653786321021864,0.0,-1.235414525576311
641.7,3.553977035319359,-4.653786321021864,0.0,-1.235414525576311
641.721,3.553977035319359,-4.653786321021864,0.0,-1.235414525576311
641.742,3.553977035319359,-4.653786321021864,0.0,-1.235414525576311
641.763,3.553977035319359,-4.653786321021864,0.0,-1.235414525576311
641.784,3.553977035319359,-4.653786321021864,0.0,-1.235414525576311
641.805,3.553977035319359,-4.653786321021864,0.0,-1.235414525576311
641.826,3.553977035319359,-4.653786321021864,0.0,-1.235414525576311
641.847,3.553977035319359,-4.653786321021864,0.0,-1.235414525576311
641.868,3.553977035319359,-4.653786321021864,0.0,-1.235414525576311
641.889,3.553977035319359,-4.653786321021864,0.0,-1.235414525576311
641.91,3.553977035319359,-4.653786321021864,0.0,-1.235414525576311
641.931,3.553977035319359,-4.653786321021864,0.0,-1.235414525576311
641.952,3.553977035319359,-4.653786321021864,0.0,-1.235414525576311
641.973,3.553977035319359,-4.653786321021864,0.0,-1.235414525576311
641.994,3.553977035319359,-4.653786321021864,0.0,-1.235414525576311
642.015,3.553977035319359,-4.653786321021864,0.0,-1.235414525576311
642.036,3.553977035319359,-4.653786321021864,0.0,-1.235414525576311
642.057,3.553977035319359,-4.653786321021864,0.0,-1.235414525576311
642.078,3.553977035319359,-4.653786321021864,0.0,-1.235414525576311
642.099,3.553977035319359,-4.653786321021864,0.0,-1.235414525576311
642.12,3.553977035319359,-4.653786321021864,0.0,-1.235414525576311
642.141,3.553977035319359,-4.653786321021864,0.0,-1.235414525576311
642.162,3.553977035319359,-4.653786321021864,0.0,-1.235414525576311
642.183,3.553977035319359,-4.653786321021864,0.0,-1.235414525576311
642.204,3.553977035319359,-4.653786321021864,0.0,-1.235414525576311
642.225,3.553977035319359,-4.653786321021864,0.0,-1.235414525576311
642.246,3.553977035319359,-4.653786321021864,0.0,-1.235414525576311
642.267,3.553977035319359,-4.653786321021864,0.0,-1.235414525576311
642.288,3.553977035319359,-4.653786321021864,0.0,-1.235414525576311
642.309,3.553977035319359,-4.653786321021864,0.0,-1.235414525576311
642.33,3.553977035319359,-4.653786321021864,0.0,-1.235414525576311
642.351,3.553977035319359,-4.653786321021864,0.0,-1.235414525576311
642.372,3.553977035319359,-4.653786321021864,0.0,-1.235414525576311
642.393,3.553977035319359,-4.653786321021864,0.0,-1.235414525576311
642.414,3.553977035319359,-4.653786321021864,0.0,-1.235414525576311
642.435,3.553977035319359,-4.653786321021864,0.0,-1.235414525576311
642.456,3.553977035319359,-4.653786321021864,0.0,-1.235414525576311
642.477,3.553977035319359,-4.653786321021864,0.0,-1.235414525576311
642.498,3.553977035319359,-4.653786321021864,0.0,-1.235414525576311
642.519,3.553977035319359,-4.653786321021864,0.0,-1.235414525576311
642.54,3.553977035319359,-4.653786321021864,0.0,-1.235414525576311
642.561,3.553977035319359,-4.653786321021864,0.0,-1.235414525576311
642.582,3.553977035319359,-4.653786321021864,0.0,-1.235414525576311
642.603,3.553977035319359,-4.653786321021864,0.0,-1.235414525576311
642.624,3.553977035319359,-4.653786321021864,0.0,-1.235414525576311
642.645,3.553977035319359,-4.653786321021864,0.0,-1.235414525576311
642.666,3.553977035319359,-4.653786321021864,0.0,-1.235414525576311
642.687,3.553977035319359,-4.653786321021864,0.0,-1.235414525576311
642.708,3.553977035319359,-4.653786321021864,0.0,-1.235414525576311
642.729,3.553977035319359,-4.653786321021864,0.0,-1.235414525576311
642.75,3.553977035319359,-4.653786321021864,0.0,-1.235414525576311
642.771,3.553977035319359,-4.653786321021864,0.0,-1.235414525576311
642.792,3.553977035319359,-4.653786321021864,0.0,-1.235414525576311
642.813,3.553977035319359,-4.653786321021864,0.0,-1.235414525576311
642.834,3.553977035319359,-4.653786321021864,0.0,-1.235414525576311
642.855,3.553977035319359,-4.653786321021864,0.0,-1.235414525576311
642.876,3.553977035319359,-4.653786321021864,0.0,-1.235414525576311
642.897,3.553977035319359,-4.653786321021864,0.0,-1.235414525576311
642.918,3.553977035319359,-4.653786321021864,0.0,-1.235414525576311
642.939,3.553977035319359,-4.653786321021864,0.0,-1.235414525576311
642.96,3.553977035319359,-4.653786321021864,0.0,-1.235414525576311
642.981,3.553977035319359,-4.653786321021864,0.0,-1.235414525576311
643.002,3.553977035319359,-4.653786321021864,0.0,-1.235414525576311
643.023,3.553977035319359,-4.653786321021864,0.0,-1.235414525576311
643.044,3.553977035319359,-4.653786321021864,0.0,-1.235414525576311
643.065,3.553977035319359,-4.653786321021864,0.0,-1.235414525576311
643.086,3.553977035319359,-4.653786321021864,0.0,-1.235414525576311
643.107,3.553977035319359,-4.653786321021864,0.0,-1.235414525576311
643.128,3.553977035319359,-4.653786321021864,0.0,-1.235414525576311
643.149,3.553977035319359,-4.653786321021864,0.0,-1.235414525576311
643.17,3.553977035319359,-4.653786321021864,0.0,-1.235414525576311
643.191,3.553977035319359,-4.653786321021864,0.0,-1.235414525576311
643.212,3.553977035319359,-4.653786321021864,0.0,-1.235414525576311
643.233,3.553977035319359,-4.653786321021864,0.0,-1.235414525576311
643.254,3.553977035319359,-4.653786321021864,0.0,-1.235414525576311
643.275,3.553977035319359,-4.653786321021864,0.0,-1.235414525576311
643.296,3.553977035319359,-4.653786321021864,0.0,-1.235414525576311
643.317,3.553977035319359,-4.653786321021864,0.0,-1.235414525576311
643.338,3.553977035319359,-4.653786321021864,0.0,-1.235414525576311
643.359,3.553977035319359,-4.653786321021864,0.0,-1.235414525576311
643.38,3.553977035319359,-4.653786321021864,0.0,-1.235414525576311
643.401,3.553977035319359,-4.653786321021864,0.0,-1.235414525576311
643.422,3.553977035319359,-4.653786321021864,0.0,-1.235414525576311
643.443,3.553977035319359,-4.653786321021864,0.0,-1.235414525576311
643.464,3.553977035319359,-4.653786321021864,0.0,-1.235414525576311
643.485,3.553977035319359,-4.653786321021864,0.0,-1.235414525576311
643.506,3.553977035319359,-4.653786321021864,0.0,-1.235414525576311
643.527,3.553977035319359,-4.653786321021864,0.0,-1.235414525576311
643.548,3.553977035319359,-4.653786321021864,0.0,-1.235414525576311
643.569,3.553977035319359,-4.653786321021864,0.0,-1.235414525576311
643.59,3.553977035319359,-4.653786321021864,0.0,-1.235414525576311
643.611,3.553977035319359,-4.653786321021864,0.0,-1.235414525576311
643.632,3.553977035319359,-4.653786321021864,0.0,-1.235414525576311
643.653,3.553977035319359,-4.653786321021864,0.0,-1.235414525576311
643.674,3.553977035319359,-4.653786321021864,0.0,-1.235414525576311
643.695,3.553977035319359,-4.653786321021864,0.0,-1.235414525576311
643.716,3.553977035319359,-4.653786321021864,0.0,-1.235414525576311
643.737,3.553977035319359,-4.653786321021864,0.0,-1.235414525576311
643.758,3.553977035319359,-4.653786321021864,0.0,-1.235414525576311
643.779,3.553977035319359,-4.653786321021864,0.0,-1.235414525576311
643.8,3.553977035319359,-4.653786321021864,0.0,-1.235414525576311
643.821,3.553977035319359,-4.653786321021864,0.0,-1.235414525576311
643.842,3.553977035319359,-4.653786321021864,0.0,-1.235414525576311
643.863,3.553977035319359,-4.653786321021864,0.0,-1.235414525576311
643.884,3.553977035319359,-4.653786321021864,0.0,-1.235414525576311
643.905,3.553977035319359,-4.653786321021864,0.0,-1.235414525576311
643.926,3.553977035319359,-4.653786321021864,0.0,-1.235414525576311
643.947,3.553977035319359,-4.653786321021864,0.0,-1.235414525576311
643.968,3.553977035319359,-4.653786321021864,0.0,-1.235414525576311
643.989,3.553977035319359,-4.653786321021864,0.0,-1.235414525576311
644.01,3.553977035319359,-4.653786321021864,0.0,-1.235414525576311
644.031,3.553977035319359,-4.653786321021864,0.0,-1.235414525576311
644.052,3.553977035319359,-4.653786321021864,0.0,-1.235414525576311
644.073,3.553977035319359,-4.653786321021864,0.0,-1.235414525576311
644.094,3.553977035319359,-4.653786321021864,0.0,-1.235414525576311
644.115,3.553977035319359,-4.653786321021864,0.0,-1.235414525576311
644.136,3.553977035319359,-4.653786321021864,0.0,-1.235414525576311
644.157,3.553977035319359,-4.653786321021864,0.0,-1.235414525576311
644.178,3.553977035319359,-4.653786321021864,0.0,-1.235414525576311
644.199,3.553977035319359,-4.653786321021864,0.0,-1.235414525576311
644.22,3.553977035319359,-4.653786321021864,0.0,-1.235414525576311
644.241,3.553977035319359,-4.653786321021864,0.0,-1.235414525576311
644.262,3.553977035319359,-4.653786321021864,0.0,-1.235414525576311
644.283,3.553977035319359,-4.653786321021864,0.0,-1.235414525576311
644.304,3.553977035319359,-4.653786321021864,0.0,-1.235414525576311
644.325,3.553977035319359,-4.653786321021864,0.0,-1.235414525576311
644.346,3.553977035319359,-4.653786321021864,0.0,-1.235414525576311
644.367,3.553977035319359,-4.653786321021864,0.0,-1.235414525576311
644.388,3.553977035319359,-4.653786321021864,0.0,-1.235414525576311
644.409,3.553977035319359,-4.653786321021864,0.0,-1.235414525576311
644.43,3.553977035319359,-4.653786321021864,0.0,-1.235414525576311
644.451,3.553977035319359,-4.653786321021864,0.0,-1.235414525576311
644.472,3.553977035319359,-4.653786321021864,0.0,-1.235414525576311
644.493,3.553977035319359,-4.653786321021864,0.0,-1.235414525576311
644.514,3.553977035319359,-4.653786321021864,0.0,-1.235414525576311
644.535,3.553977035319359,-4.653786321021864,0.0,-1.235414525576311
644.556,3.553977035319359,-4.653786321021864,0.0,-1.235414525576311
644.577,3.553977035319359,-4.653786321021864,0.0,-1.235414525576311
644.598,3.553977035319359,-4.653786321021864,0.0,-1.235414525576311
644.619,3.553977035319359,-4.653786321021864,0.0,-1.235414525576311
644.64,3.553977035319359,-4.653786321021864,0.0,-1.235414525576311
644.661,3.553977035319359,-4.653786321021864,0.0,-1.235414525576311
644.682,3.553977035319359,-4.653786321021864,0.0,-1.235414525576311
644.703,3.553977035319359,-4.653786321021864,0.0,-1.235414525576311
644.724,3.553977035319359,-4.653786321021864,0.0,-1.235414525576311
644.745,3.553977035319359,-4.653786321021864,0.0,-1.235414525576311
644.766,3.553977035319359,-4.653786321021864,0.0,-1.235414525576311
644.787,3.553977035319359,-4.653786321021864,0.0,-1.235414525576311
644.808,3.553977035319359,-4.653786321021864,0.0,-1.235414525576311
644.829,3.553977035319359,-4.653786321021864,0.0,-1.235414525576311
644.85,3.553977035319359,-4.653786321021864,0.0,-1.235414525576311
644.871,3.553977035319359,-4.653786321021864,0.0,-1.235414525576311
644.892,3.553977035319359,-4.653786321021864,0.0,-1.235414525576311
644.913,3.553977035319359,-4.653786321021864,0.0,-1.235414525576311
644.934,3.553977035319359,-4.653786321021864,0.0,-1.235414525576311
644.955,3.553977035319359,-4.653786321021864,0.0,-1.235414525576311
644.976,3.553977035319359,-4.653786321021864,0.0,-1.235414525576311
644.997,3.553977035319359,-4.653786321021864,0.0,-1.235414525576311
645.018,3.553977035319359,-4.653786321021864,0.0,-1.235414525576311
645.039,3.553977035319359,-4.653786321021864,0.0,-1.235414525576311
645.06,3.553977035319359,-4.653786321021864,0.0,-1.235414525576311
645.081,3.553977035319359,-4.653786321021864,0.0,-1.235414525576311
645.102,3.553977035319359,-4.653786321021864,0.0,-1.235414525576311
645.123,3.553977035319359,-4.653786321021864,0.0,-1.235414525576311
645.144,3.553977035319359,-4.653786321021864,0.0,-1.235414525576311
645.165,3.553977035319359,-4.653786321021864,0.0,-1.235414525576311
645.186,3.553977035319359,-4.653786321021864,0.0,-1.235414525576311
645.207,3.553977035319359,-4.653786321021864,0.0,-1.235414525576311
645.228,3.553977035319359,-4.653786321021864,0.0,-1.235414525576311
645.249,3.553977035319359,-4.653786321021864,0.0,-1.235414525576311
645.27,3.553977035319359,-4.653786321021864,0.0,-1.235414525576311
645.291,3.553977035319359,-4.653786321021864,0.0,-1.235414525576311
645.312,3.553977035319359,-4.653786321021864,0.0,-1.235414525576311
645.333,3.553977035319359,-4.653786321021864,0.0,-1.235414525576311
645.354,3.553977035319359,-4.653786321021864,0.0,-1.235414525576311
645.375,3.553977035319334,-4.6537863210217925,0.0,-1.2349735255794587
645.396,3.553977035319332,-4.653786321021787,0.0,-1.2344485255815334
645.417,3.55397703531931,-4.653786321021723,0.0,-1.2334825255839839
645.438,3.5539770353193023,-4.653786321021701,0.0,-1.2324325255860136
645.459,3.553977035319284,-4.6537863210216495,0.0,-1.230941525588347
645.48,3.5539770353192632,-4.653786321021591,0.0,-1.2290095255906364
645.501,3.553977035319249,-4.653786321021551,0.0,-1.226909525592722
645.522,3.553977035319246,-4.653786321021543,0.0,-1.224809525594716
645.543,3.553977035319232,-4.653786321021505,0.0,-1.2222685255969592
645.564,3.553977035319219,-4.653786321021468,0.0,-1.2194501045464765
645.585,3.553977035319209,-4.653786321021442,0.0,-1.2166316834958366
645.606,3.553977035319204,-4.653786321021428,0.0,-1.2138132624451832
645.627,3.553977035319201,-4.65378632102142,0.0,-1.210994841394533
645.648,3.5539770353192015,-4.653786321021422,0.0,-1.2081764203439034
645.669,3.5539770353192015,-4.653786321021422,0.0,-1.205357999293277
645.69,3.553977035319201,-4.65378632102142,0.0,-1.2025395782426407
645.711,3.5539770353192015,-4.653786321021422,0.0,-1.1997211571920112
645.732,3.5539770353192015,-4.653786321021422,0.0,-1.196902736141385
645.753,3.553977035319201,-4.65378632102142,0.0,-1.1940843150907485
645.774,3.553977035319201,-4.65378632102142,0.0,-1.1912658940401226
645.795,3.5539770353192015,-4.653786321021422,0.0,-1.188447472989493
645.816,3.553977035319201,-4.65378632102142,0.0,-1.1856290519388566
645.837,3.553977035319201,-4.65378632102142,0.0,-1.1828106308882305
645.858,3.553977035319202,-4.653786321021422,0.0,-1.1799922098376008
645.879,3.553977035319201,-4.65378632102142,0.0,-1.1771737887869644
645.9,3.553977035319201,-4.65378632102142,0.0,-1.1743553677363383
645.921,3.553977035319202,-4.653786321021422,0.0,-1.1715369466857088
645.942,3.553977035319201,-4.65378632102142,0.0,-1.1687185256350723
645.963,3.553977035319201,-4.65378632102142,0.0,-1.1659001045844462
645.984,3.553977035319202,-4.653786321021422,0.0,-1.1630816835338165
646.005,3.553977035319201,-4.65378632102142,0.0,-1.1602632624831801
646.026,3.553977035319201,-4.65378632102142,0.0,-1.157444841432554
646.047,3.553977035319202,-4.653786321021422,0.0,-1.1546264203819243
646.068,3.553977035319201,-4.65378632102142,0.0,-1.1518079993312882
646.089,3.553977035319201,-4.65378632102142,0.0,-1.1489895782806618
646.11,3.553977035319202,-4.653786321021422,0.0,-1.1461711572300322
646.131,3.553977035319202,-4.653786321021422,0.0,-1.143352736179406
646.152,3.553977035319201,-4.65378632102142,0.0,-1.1405343151287697
646.173,3.553977035319202,-4.653786321021422,0.0,-1.13771589407814
646.194,3.553977035319202,-4.653786321021422,0.0,-1.1348974730275136
646.215,3.553977035319201,-4.65378632102142,0.0,-1.1320790519768775
646.236,3.553977035319202,-4.653786321021422,0.0,-1.1292606309262478
646.257,3.553977035319202,-4.653786321021422,0.0,-1.1264422098756215
646.278,3.553977035319201,-4.65378632102142,0.0,-1.1236237888249851
646.299,3.553977035319202,-4.653786321021422,0.0,-1.1208053677743557
646.32,3.553977035319202,-4.653786321021422,0.0,-1.1179869467237296
646.341,3.553977035319201,-4.65378632102142,0.0,-1.115168525673093
646.362,3.553977035319202,-4.653786321021422,0.0,-1.1123501046224638
646.383,3.553977035319202,-4.653786321021422,0.0,-1.1095316835718374
646.404,3.553977035319218,-4.653786321021454,0.0,-1.1071542625209279
646.425,3.553977035319229,-4.653786321021476,0.0,-1.1048608414701964
646.446,3.553977035319254,-4.653786321021525,0.0,-1.1030084204192603
646.467,3.553977035319289,-4.653786321021595,0.0,-1.1015969993682833
646.488,3.553977035319308,-4.6537863210216335,0.0,-1.1003535783174858
646.509,3.553977035319332,-4.6537863210216805,0.0,-1.0994141046350199
646.53,3.553977035319333,-4.653786321021682,0.0,-1.0984746309527764
646.551,3.553977035319333,-4.653786321021682,0.0,-1.0975351572705363
646.572,3.553977035319333,-4.653786321021682,0.0,-1.0965956835882962
646.593,3.553977035319333,-4.653786321021682,0.0,-1.0956562099060563
646.614,3.553977035319333,-4.653786321021682,0.0,-1.094716736223816
646.635,3.5539770353193347,-4.653786321021686,0.0,-1.0937772625415825
646.656,3.553977035319334,-4.653786321021684,0.0,-1.092837788859346
646.677,3.553977035319334,-4.653786321021684,0.0,-1.0918983151771058
646.698,3.553977035319334,-4.653786321021684,0.0,-1.0909588414948654
646.719,3.553977035319334,-4.653786321021684,0.0,-1.0900193678126253
646.74,3.553977035319334,-4.653786321021684,0.0,-1.089079894130385
646.761,3.553977035319333,-4.653786321021682,0.0,-1.0881404204481486
646.782,3.553977035319333,-4.653786321021682,0.0,-1.0872009467659085
646.803,3.553977035319333,-4.653786321021682,0.0,-1.0862614730836682
646.824,3.553977035319333,-4.653786321021682,0.0,-1.0853219994014278
646.845,3.5539770353193347,-4.653786321021686,0.0,-1.0843825257191946
646.866,3.553977035319334,-4.653786321021684,0.0,-1.0834430520369578
646.887,3.553977035319334,-4.653786321021684,0.0,-1.0825035783547177
646.908,3.553977035319334,-4.653786321021684,0.0,-1.0815641046724775
646.929,3.553977035319334,-4.653786321021684,0.0,-1.0806246309902374
646.95,3.553977035319334,-4.653786321021684,0.0,-1.0796851573079973
646.971,3.553977035319333,-4.653786321021682,0.0,-1.0787456836257607
646.992,3.553977035319333,-4.653786321021682,0.0,-1.0778062099435204
647.013,3.553977035319333,-4.653786321021682,0.0,-1.0768667362612803
647.034,3.553977035319333,-4.653786321021682,0.0,-1.0759272625790401
647.055,3.553977035319333,-4.653786321021682,0.0,-1.0749877888968
647.076,3.553977035319334,-4.653786321021684,0.0,-1.0740483152145701
647.097,3.553977035319334,-4.653786321021684,0.0,-1.07310884153233
647.118,3.553977035319334,-4.653786321021684,0.0,-1.0721693678500896
647.139,3.553977035319334,-4.653786321021684,0.0,-1.0712298941678497
647.16,3.553977035319334,-4.653786321021684,0.0,-1.0702904204856096
647.181,3.553977035319333,-4.653786321021682,0.0,-1.069350946803373
647.202,3.553977035319333,-4.653786321021682,0.0,-1.0684114731211327
647.223,3.553977035319333,-4.653786321021682,0.0,-1.0674719994388926
647.244,3.553977035319333,-4.653786321021682,0.0,-1.0665325257566527
647.265,3.553977035319333,-4.653786321021682,0.0,-1.0655930520744124
647.286,3.553977035319334,-4.653786321021684,0.0,-1.0646535783921822
647.307,3.553977035319334,-4.653786321021684,0.0,-1.0637141047099425
647.328,3.553977035319334,-4.653786321021684,0.0,-1.0627746310277022
647.349,3.553977035319334,-4.653786321021684,0.0,-1.061835157345462
647.37,3.553977035319334,-4.653786321021684,0.0,-1.060895683663222
647.391,3.553977035319334,-4.653786321021684,0.0,-1.0599562099809818
647.412,3.553977035319333,-4.653786321021682,0.0,-1.059016736298745
647.433,3.553977035319333,-4.653786321021682,0.0,-1.058077262616505
647.454,3.553977035319333,-4.653786321021682,0.0,-1.0571377889342648
647.475,3.553977035319333,-4.653786321021682,0.0,-1.0561983152520247
647.496,3.5539770353193347,-4.653786321021685,0.0,-1.055258841569791
647.517,3.553977035319334,-4.653786321021683,0.0,-1.0543193678875542
647.538,3.553977035319334,-4.653786321021683,0.0,-1.053379894205314
647.559,3.553977035319334,-4.653786321021683,0.0,-1.0524404205230742
647.58,3.553977035319334,-4.653786321021683,0.0,-1.051500946840834
647.601,3.553977035319334,-4.653786321021683,0.0,-1.050561473158594
647.622,3.553977035319333,-4.653786321021681,0.0,-1.0496219994763571
647.643,3.553977035319333,-4.653786321021681,0.0,-1.0486825257941172
647.664,3.553977035319333,-4.653786321021681,0.0,-1.047743052111877
647.685,3.553977035319333,-4.653786321021681,0.0,-1.0468035784296368
647.706,3.553977035319333,-4.653786321021681,0.0,-1.0458641047473967
647.727,3.553977035319334,-4.653786321021683,0.0,-1.0449246310651668
647.748,3.553977035319334,-4.653786321021683,0.0,-1.0439851573829266
647.769,3.553977035319334,-4.653786321021683,0.0,-1.0430456837006865
647.79,3.553977035319334,-4.653786321021683,0.0,-1.0421062100184464
647.811,3.553977035319334,-4.653786321021683,0.0,-1.0411667363362063
647.832,3.553977035319333,-4.653786321021681,0.0,-1.0402272626539695
647.853,3.553977035319333,-4.653786321021681,0.0,-1.0392877889717294
647.874,3.553977035319333,-4.653786321021681,0.0,-1.0383483152894892
647.895,3.553977035319333,-4.653786321021681,0.0,-1.037408841607249
647.916,3.553977035319333,-4.653786321021681,0.0,-1.036469367925009
647.937,3.553977035319334,-4.653786321021683,0.0,-1.035529894242779
647.958,3.553977035319334,-4.653786321021683,0.0,-1.034590420560539
647.979,3.553977035319334,-4.653786321021683,0.0,-1.0336509468782988
648.0,3.553977035319334,-4.653786321021683,0.0,-1.0327114731960587
648.021,3.553977035319334,-4.653786321021683,0.0,-1.0317719995138186
648.042,3.553977035319333,-4.653786321021681,0.0,-1.0308325258315818
648.063,3.553977035319333,-4.653786321021681,0.0,-1.0298930521493417
648.084,3.553977035319333,-4.653786321021681,0.0,-1.0289535784671016
648.105,3.553977035319333,-4.653786321021681,0.0,-1.0280141047848614
648.126,3.553977035319333,-4.653786321021681,0.0,-1.0270746311026213
648.147,3.5539770353193347,-4.653786321021684,0.0,-1.0261351574203879
648.168,3.553977035319334,-4.653786321021682,0.0,-1.025195683738151
648.189,3.553977035319334,-4.653786321021682,0.0,-1.024256210055911
648.21,3.553977035319334,-4.653786321021682,0.0,-1.0233167363736708
648.231,3.553977035319334,-4.653786321021682,0.0,-1.0223772626914307
648.252,3.553977035319334,-4.653786321021682,0.0,-1.0214377890091906
648.273,3.553977035319333,-4.6537863210216805,0.0,-1.0204983153269538
648.294,3.553977035319333,-4.6537863210216805,0.0,-1.0195588416447134
648.315,3.553977035319333,-4.6537863210216805,0.0,-1.0186193679624735
648.336,3.553977035319333,-4.6537863210216805,0.0,-1.0176798942802334
648.357,3.5539770353193347,-4.653786321021683,0.0,-1.016740420598
648.378,3.553977035319334,-4.653786321021681,0.0,-1.0158009469157632
648.399,3.553977035319334,-4.653786321021681,0.0,-1.0148614732335228
648.42,3.553977035319334,-4.653786321021681,0.0,-1.013921999551283
648.441,3.553977035319334,-4.653786321021681,0.0,-1.0129825258690428
648.462,3.553977035319334,-4.653786321021681,0.0,-1.0120430521868027
648.483,3.553977035319333,-4.65378632102168,0.0,-1.011103578504566
648.504,3.553977035319333,-4.65378632102168,0.0,-1.0101641048223258
648.525,3.553977035319333,-4.65378632102168,0.0,-1.0092246311400856
648.546,3.553977035319333,-4.65378632102168,0.0,-1.0082851574578455
648.567,3.553977035319333,-4.65378632102168,0.0,-1.0073456837756054
648.588,3.553977035319334,-4.653786321021681,0.0,-1.0064062100933755
648.609,3.553977035319334,-4.653786321021681,0.0,-1.0054667364111354
648.63,3.553977035319334,-4.653786321021681,0.0,-1.0045272627288953
648.651,3.553977035319334,-4.653786321021681,0.0,-1.0035877890466551
648.672,3.553977035319334,-4.653786321021681,0.0,-1.002648315364415
648.693,3.553977035319333,-4.65378632102168,0.0,-1.0017088416821782
648.714,3.553977035319333,-4.65378632102168,0.0,-1.000769367999938
648.735,3.553977035319333,-4.65378632102168,0.0,-0.999829894317698
648.756,3.553977035319333,-4.65378632102168,0.0,-0.9988904206354575
648.777,3.553977035319333,-4.65378632102168,0.0,-0.9979509469532174
648.798,3.5539770353193023,-4.653786321021632,0.0,-0.9965704732713425
648.819,3.5539770353192908,-4.653786321021614,0.0,-0.9951059995891871
648.84,3.553977035319262,-4.6537863210215695,0.0,-0.9932005259072672
648.861,3.5539770353192326,-4.653786321021525,0.0,-0.9908540522253437
648.882,3.55397703531921,-4.653786321021491,0.0,-0.9883395785432443
648.903,3.5539770353191846,-4.653786321021453,0.0,-0.9853841048612887
648.924,3.553977035319157,-4.653786321021411,0.0,-0.98198763117935
648.945,3.5539770353191322,-4.653786321021374,0.0,-0.9784231574972763
648.966,3.5539770353191082,-4.653786321021339,0.0,-0.974417683815346
648.987,3.5539770353190794,-4.653786321021296,0.0,-0.9699712101334295
649.008,3.5539770353190523,-4.653786321021257,0.0,-0.9653567364514088
649.029,3.553977035319027,-4.6537863210212205,0.0,-0.960301262769528
649.05,3.5539770353190043,-4.6537863210211885,0.0,-0.9551617890875201
649.071,3.5539770353189777,-4.653786321021151,0.0,-0.9495813154056862
649.092,3.553977035318949,-4.653786321021111,0.0,-0.943559841723897
649.113,3.5539770353189186,-4.6537863210210695,0.0,-0.9373703680420545
649.134,3.553977035318888,-4.653786321021028,0.0,-0.9307398943603454
649.155,3.553977035318855,-4.653786321020983,0.0,-0.9236684206787218
649.176,3.5539770353188174,-4.653786321020934,0.0,-0.9161559469971632
649.197,3.5539770353187783,-4.653786321020883,0.0,-0.9083914733155981
649.218,3.5539770353187388,-4.653786321020832,0.0,-0.90018599963418
649.239,3.553977035318701,-4.653786321020785,0.0,-0.8918965259527064
649.26,3.553977035318664,-4.65378632102074,0.0,-0.8831660522714443
649.281,3.5539770353186246,-4.653786321020692,0.0,-0.8743515785901407
649.302,3.5539770353185824,-4.653786321020641,0.0,-0.8650961049090724
649.323,3.553977035318537,-4.653786321020589,0.0,-0.8553996312281307
649.344,3.5539770353185007,-4.653786321020547,0.0,-0.8455351575472007
649.365,3.5539770353184794,-4.653786321020523,0.0,-0.8352296838664688
649.386,3.553977035318471,-4.653786321020514,0.0,-0.8248954733435789
649.407,3.5539770353184856,-4.65378632102053,0.0,-0.8145612628207061
649.428,3.553977035318505,-4.653786321020551,0.0,-0.8042270522979288
649.449,3.5539770353185363,-4.653786321020583,0.0,-0.7938928417752165
649.47,3.553977035318579,-4.653786321020625,0.0,-0.7835586312525963
649.491,3.5539770353186233,-4.653786321020669,0.0,-0.7732244207300408
649.512,3.5539770353186704,-4.653786321020714,0.0,-0.7633312102073182
649.533,3.553977035318718,-4.6537863210207595,0.0,-0.7538789996845715
649.554,3.553977035318766,-4.653786321020804,0.0,-0.7445947891619633
649.575,3.553977035318817,-4.653786321020851,0.0,-0.7357515786392558
649.596,3.553977035318867,-4.653786321020896,0.0,-0.7272963154849943
649.617,3.553977035318911,-4.653786321020935,0.0,-0.7188410523309546
649.638,3.553977035318949,-4.653786321020968,0.0,-0.7103857891769731
649.659,3.5539770353189826,-4.653786321020997,0.0,-0.7019305260230427
649.68,3.5539770353190248,-4.653786321021032,0.0,-0.6939162628689246
649.701,3.553977035319063,-4.653786321021064,0.0,-0.6863429997147926
649.722,3.553977035319107,-4.6537863210211,0.0,-0.6789377365607924
649.743,3.5539770353191487,-4.653786321021133,0.0,-0.6719734734066861
649.764,3.553977035319185,-4.653786321021162,0.0,-0.6650932102527719
649.785,3.5539770353192144,-4.653786321021185,0.0,-0.6585168944671865
649.806,3.5539770353192286,-4.653786321021196,0.0,-0.6519405786817479
649.827,3.553977035319244,-4.653786321021207,0.0,-0.6453642628963265
649.848,3.5539770353192557,-4.653786321021216,0.0,-0.6387879471108948
649.869,3.5539770353192672,-4.653786321021224,0.0,-0.6322116313254835
649.89,3.5539770353192672,-4.653786321021224,0.0,-0.6256353155400792
649.911,3.5539770353192672,-4.653786321021224,0.0,-0.6190589997546954
649.932,3.5539770353192672,-4.653786321021224,0.0,-0.612482683969291
649.953,3.5539770353192672,-4.653786321021224,0.0,-0.6059063681839071
649.974,3.5539770353192672,-4.653786321021224,0.0,-0.5993300523985027
649.995,3.5539770353192672,-4.653786321021224,0.0,-0.5927537366131189
650.016,3.553977035319279,-4.653786321021232,0.0,-0.5866184208274721
650.037,3.553977035319291,-4.65378632102124,0.0,-0.5805671050419831
650.058,3.553977035319315,-4.653786321021255,0.0,-0.57495678925632
650.079,3.5539770353193436,-4.653786321021274,0.0,-0.56978747347065
650.1,3.5539770353193663,-4.653786321021288,0.0,-0.5647861576851252
650.121,3.5539770353193902,-4.653786321021303,0.0,-0.5600887892679498
650.142,3.5539770353193934,-4.653786321021305,0.0,-0.5553914208509314
650.163,3.553977035319398,-4.6537863210213075,0.0,-0.5506940524339301
650.184,3.5539770353193947,-4.653786321021306,0.0,-0.5459966840169254
650.205,3.553977035319399,-4.653786321021308,0.0,-0.5412993155999241
650.226,3.5539770353193947,-4.653786321021306,0.0,-0.5366019471829228
650.247,3.553977035319398,-4.6537863210213075,0.0,-0.531904578765918
650.268,3.5539770353193934,-4.653786321021305,0.0,-0.5272072103489167
650.289,3.5539770353193965,-4.653786321021307,0.0,-0.522509841931912
650.31,3.553977035319381,-4.653786321021298,0.0,-0.5178124735148868
650.331,3.5539770353193747,-4.653786321021294,0.0,-0.5131151050978207
650.352,3.5539770353193654,-4.653786321021289,0.0,-0.5084177366807409
650.373,3.553977035319353,-4.653786321021282,0.0,-0.5037203682636474
650.394,3.55397703531935,-4.65378632102128,0.0,-0.4990229998464992
650.415,3.553977035319342,-4.6537863210212755,0.0,-0.4943256314293614
650.436,3.5539770353193325,-4.65378632102127,0.0,-0.489628263012186
650.457,3.5539770353193276,-4.6537863210212675,0.0,-0.4849308945949867
650.478,3.553977035319315,-4.653786321021261,0.0,-0.48023352617777026
650.499,3.5539770353193028,-4.653786321021255,0.0,-0.4755361577605129
650.52,3.553977035319333,-4.65378632102127,0.0,-0.4712797893430233
650.541,3.553977035319347,-4.653786321021277,0.0,-0.4671074209257121
650.562,3.5539770353193822,-4.653786321021295,0.0,-0.4633760525082097
650.583,3.5539770353194284,-4.653786321021318,0.0,-0.4600856840907003
650.604,3.5539770353194555,-4.6537863210213315,0.0,-0.45696331567334986
650.625,3.553977035319481,-4.653786321021344,0.0,-0.45414489462435564
650.646,3.5539770353194937,-4.65378632102135,0.0,-0.4513264735755047
650.667,3.553977035319497,-4.653786321021352,0.0,-0.4485080525266607
650.688,3.553977035319505,-4.6537863210213555,0.0,-0.4456896314778063
650.709,3.553977035319497,-4.653786321021352,0.0,-0.44287121042893157
650.73,3.5539770353194906,-4.653786321021349,0.0,-0.44005278938004655
650.751,3.5539770353194844,-4.653786321021347,0.0,-0.4372343683311616
650.772,3.5539770353194844,-4.653786321021347,0.0,-0.43441594728223554
650.793,3.5539770353194844,-4.653786321021347,0.0,-0.4315975262333095
650.814,3.5539770353194826,-4.653786321021346,0.0,-0.42877910518438017
650.835,3.553977035319476,-4.653786321021343,0.0,-0.42596068413544047
650.856,3.553977035319476,-4.653786321021343,0.0,-0.42314226308648034
650.877,3.553977035319476,-4.653786321021343,0.0,-0.4203238420374997
650.898,3.553977035319471,-4.653786321021341,0.0,-0.41750542098848836
650.919,3.5539770353194595,-4.653786321021336,0.0,-0.41468699993949065
650.94,3.553977035319453,-4.653786321021333,0.0,-0.41186857889047596
650.961,3.5539770353194546,-4.653786321021334,0.0,-0.40905015784144405
650.982,3.553977035319453,-4.653786321021333,0.0,-0.4062317367923917
651.003,3.5539770353194546,-4.653786321021334,0.0,-0.40341331574333944
651.024,3.5539770353194466,-4.653786321021331,0.0,-0.4005948946942734
651.045,3.55397703531944,-4.653786321021328,0.0,-0.39777647364518354
651.066,3.5539770353194418,-4.653786321021329,0.0,-0.3949580525960629
651.087,3.5539770353194386,-4.653786321021327,0.0,-0.3921396315469526
651.108,3.5539770353194404,-4.653786321021328,0.0,-0.3893212104978319
651.129,3.5539770353194338,-4.653786321021325,0.0,-0.386502789448708
651.15,3.5539770353193973,-4.65378632102131,0.0,-0.38324336839971035
651.171,3.553977035319386,-4.653786321021306,0.0,-0.37989994735044214
651.192,3.5539770353193694,-4.6537863210212995,0.0,-0.3761155263012014
651.213,3.553977035319358,-4.653786321021295,0.0,-0.3718901052517694
651.234,3.5539770353193547,-4.653786321021294,0.0,-0.3674966842020932
651.255,3.553977035319358,-4.653786321021295,0.0,-0.3626622631523454
651.276,3.553977035319371,-4.6537863210213,0.0,-0.35774384210233034
651.297,3.5539770353193894,-4.6537863210213075,0.0,-0.35238442105226075
651.318,3.553977035319456,-4.6537863210213315,0.0,-0.3465840000020001
651.339,3.5539770353195412,-4.653786321021362,0.0,-0.3406155789515088
651.36,3.55397703531961,-4.653786321021386,0.0,-0.3346471579008878
651.381,3.5539770353196536,-4.653786321021401,0.0,-0.3282377368504103
651.402,3.553977035319677,-4.653786321021409,0.0,-0.3213873157999636
651.423,3.5539770353196922,-4.653786321021414,0.0,-0.31436889474940916
651.444,3.553977035319699,-4.653786321021416,0.0,-0.30690947369895044
651.465,3.5539770353197038,-4.653786321021418,0.0,-0.2990090526484986
651.486,3.5539770353197038,-4.653786321021418,0.0,-0.29094063159795275
651.507,3.5539770353197038,-4.653786321021418,0.0,-0.28243121054749226
651.528,3.5539770353197,-4.653786321021417,0.0,-0.2738377894969216
651.549,3.5539770353196984,-4.653786321021416,0.0,-0.2648033684464398
651.57,3.5539770353196967,-4.653786321021415,0.0,-0.25532794739598197
651.591,3.553977035319693,-4.653786321021414,0.0,-0.245684526345437
651.612,3.553977035319688,-4.653786321021413,0.0,-0.23560010529497402
651.633,3.5539770353196842,-4.653786321021412,0.0,-0.22526589477076972
651.654,3.5539770353196807,-4.653786321021411,0.0,-0.21493168424646983
651.675,3.553977035319679,-4.653786321021411,0.0,-0.20459747372214604
651.696,3.553977035319679,-4.653786321021411,0.0,-0.19426326319782564
651.717,3.553977035319679,-4.653786321021411,0.0,-0.18392905267349843
651.738,3.554411022982693,-4.653864639771021,0.0,-0.17315384214930796
651.759,3.5549286532367366,-4.653952282291984,0.0,-0.16229463162502422
651.78,3.5558828207578577,-4.654102982031118,0.0,-0.15099442110083625
651.801,3.5572750223878136,-4.654306454090101,0.0,-0.13925321057665183
651.822,3.5588360411614897,-4.654515776972415,0.0,-0.1273440000524245
651.843,3.560837247184641,-4.654759454613724,0.0,-0.11499378952826214
651.864,3.563279756371183,-4.655025754375024,0.0,-0.10220257900411694
651.885,3.5658927209766027,-4.655276641870487,0.0,-0.08924336847994595
651.906,3.568948259116759,-4.6555294303359025,0.0,-0.07584315795584674
651.927,3.5724469048023093,-4.655770948478035,0.0,-0.06200194743177839
651.948,3.5761163182961058,-4.655972960184049,0.0,-0.04799273690770811
651.969,3.580228834242286,-4.656141448250712,0.0,-0.0339006316468001
651.99,3.5844272851391548,-4.656254222993233,0.0,-0.019808526386199347
652.011,3.5890678792865955,-4.656312428255193,0.0,-0.005275421126083483
652.032,3.5937928274563915,-4.6563028218009785,0.0,0.009341684133722659
652.053,3.5989580434951733,-4.656215672532513,0.0,0.02439978939310194
652.074,3.6045621751477634,-4.656037915231819,0.0,0.03901689465233111
652.095,3.6103309281881497,-4.655770483832799,0.0,0.05363399991113695
652.116,3.616535246418448,-4.655390534886624,0.0,0.06869210516955687
652.137,3.6231729708291267,-4.654885089923296,0.0,0.08330921042809643
652.158,3.6299699074758567,-4.654267475272045,0.0,0.09792631568632187
652.179,3.6371954746452513,-4.653502663204561,0.0,0.11298442094447553
652.2,3.6444920585319633,-4.652618733691253,0.0,0.1281265262026677
652.221,3.652211600147202,-4.651566467071396,0.0,0.14282763146170666
652.242,3.6603511467432273,-4.650336647219238,0.0,0.15708773672146606
652.263,3.6686381843760003,-4.648964116859761,0.0,0.1711798419815547
652.284,3.677339418658379,-4.64739868109438,0.0,0.18483094724246965
652.305,3.686101006492767,-4.645698980592543,0.0,0.19839805250327439
652.326,3.6952708999931296,-4.643792740920747,0.0,0.21152415776465627
652.347,3.704845060944144,-4.641668778625191,0.0,0.22509126302584678
652.368,3.714818195402851,-4.6393115820421285,0.0,0.23909936828702352
652.389,3.7250016291645065,-4.636753095711842,0.0,0.2531914735482729
652.41,3.735573519469042,-4.633935559648982,0.0,0.2677245788094711
652.431,3.7461840636168064,-4.630941429777135,0.0,0.28234168407064286
652.452,3.7571716078119506,-4.627664152799619,0.0,0.2973997893318111
652.473,3.768188535989834,-4.624196120991616,0.0,0.31254189459297343
652.494,3.779571121005331,-4.620425411537104,0.0,0.32724299985452515
652.515,3.7913126776133783,-4.616340375507425,0.0,0.3423851051158888
652.536,3.803148850127198,-4.612020423329724,0.0,0.3575272103772936
652.557,3.815329150401459,-4.607361611813952,0.0,0.3731103156386129
652.578,3.827513148639273,-4.602481828182073,0.0,0.3887774208999127
652.599,3.8400271283458514,-4.597244165304497,0.0,0.40400352616126384
652.62,3.852537125236181,-4.591783495221299,0.0,0.4191456314219994
652.641,3.865365749284549,-4.5859543349057335,0.0,0.4338467366827624
652.662,3.8785074367489605,-4.579751795428265,0.0,0.448106841943686
652.683,3.8917107767431887,-4.57328973407486,0.0,0.4621989472045564
652.704,3.9052150737548175,-4.566442833361528,0.0,0.47629105246544057
652.725,3.918695922943881,-4.559367277263823,0.0,0.490383157726294
652.746,3.932461624499331,-4.551888995575175,0.0,0.5049162629870517
652.767,3.9461900881272594,-4.544169710006588,0.0,0.5195333682481347
652.788,3.960187254393036,-4.536031932214481,0.0,0.5337094735101497
652.809,3.9741400218332945,-4.527653894116733,0.0,0.5478015787721059
652.83,3.988346232410055,-4.518844619518835,0.0,0.5623346840340038
652.851,4.002493276299355,-4.50978392837817,0.0,0.5769517892959506
652.872,4.01614052526995,-4.500763673679467,0.0,0.5911278945579008
652.893,4.03002334752477,-4.491303093597527,0.0,0.6052199998199697
652.914,4.043771476247691,-4.481647821158724,0.0,0.6193121050819975
652.935,4.0577394622851815,-4.471541262502661,0.0,0.633404210344121
652.956,4.071630996330208,-4.461188681199453,0.0,0.6474963156062717
652.977,4.085027685062643,-4.450912798751874,0.0,0.6611474208684363
652.998,4.0979343830890045,-4.440725310312133,0.0,0.6752395261302832
653.019,4.110565851819971,-4.430462891527535,0.0,0.6893316313921812
653.04,4.123392142024528,-4.4197434420872055,0.0,0.7029827366542569
653.061,4.135734074013427,-4.409134579924608,0.0,0.7170748419159058
653.082,4.147925284292123,-4.398352853089675,0.0,0.7311669471776469
653.103,4.1596371590805825,-4.387697178738347,0.0,0.7452590524393709
653.124,4.171136385848652,-4.3769349216059785,0.0,0.7593511577011324
653.145,4.182800512953942,-4.365705839648551,0.0,0.7734432629629691
653.166,4.194148959176047,-4.35446826565274,0.0,0.7875353682247886
653.187,4.20533792275313,-4.343071889253309,0.0,0.8016274734866287
653.208,4.216667047453196,-4.33119747708979,0.0,0.8161605787483661
653.229,4.227878995680804,-4.31909759592057,0.0,0.8307776840103813
653.25,4.238615273117961,-4.307160586612038,0.0,0.8458357892723414
653.271,4.24945777770244,-4.294728595646568,0.0,0.8613348945343358
653.292,4.260105242347536,-4.282129163796989,0.0,0.8770019997963082
653.313,4.270814550556198,-4.269042126719598,0.0,0.8929730524267286
653.334,4.281313488085727,-4.255785727037688,0.0,0.9089441050571767
653.355,4.291331137133948,-4.242713380690595,0.0,0.9249151576875699
653.376,4.301088716338652,-4.229550196661809,0.0,0.9408862103179292
653.397,4.310393360152147,-4.216569722718311,0.0,0.9568572629482133
653.418,4.319489514282732,-4.203442305595206,0.0,0.9728283155785247
653.439,4.328623216891879,-4.189806854204942,0.0,0.9883583682091194
653.46,4.33759030842088,-4.175961074639733,0.0,1.003804420839652
653.481,4.346111503905068,-4.162354123981557,0.0,1.0188094734700512
653.502,4.35438708175201,-4.1486945183944215,0.0,1.033373526100188
653.523,4.362464008777327,-4.134916515391775,0.0,1.0477695787303225
653.544,4.370562432815221,-4.120641830511437,0.0,1.0617246313606319
653.565,4.378251726482853,-4.106643780537923,0.0,1.075238683990951
653.586,4.38575233922978,-4.092543725768364,0.0,1.0885847366212136
653.607,4.393067243714188,-4.078346431852106,0.0,1.1014897892515207
653.628,4.4001989281910525,-4.064056221754999,0.0,1.114310841881677
653.649,4.406958054059808,-4.050074316597448,0.0,1.1266908945117884
653.67,4.413727383034795,-4.035608936777809,0.0,1.1395119471415964
653.691,4.420310699333363,-4.021057958301576,0.0,1.1523329997715408
653.712,4.426880216950417,-4.006018245472177,0.0,1.1655950524018026
653.733,4.433417428349431,-3.9904848683189598,0.0,1.1792981050321225
653.754,4.439802889862838,-3.9747071159848524,0.0,1.1931691576625123
653.775,4.445807424979864,-3.959252694156188,0.0,1.2072612629242738
653.796,4.451564271169464,-3.9437939111797173,0.0,1.2213533681860764
653.817,4.456957980713201,-3.928672118644872,0.0,1.2350044734479644
653.838,4.462118262981491,-3.913557817584261,0.0,1.2485715787098242
653.859,4.466939463961232,-3.8987951927156574,0.0,1.2616976839717147
653.88,4.471542072179794,-3.8840509342500384,0.0,1.2747397892335834
653.901,4.4760745463885705,-3.868824270295732,0.0,1.288222894495422
653.922,4.480427579622872,-3.8534580082832455,0.0,1.3012649997575436
653.943,4.484579839919304,-3.8380362820178107,0.0,1.3143071050195285
653.964,4.488636203339144,-3.822133536757878,0.0,1.3277902102812167
653.985,4.492496774160807,-3.8060957198439733,0.0,1.3413573155426393
654.006,4.496233146234793,-3.789576077453202,0.0,1.3553654208039632
654.027,4.4996500592423585,-3.773437915106233,0.0,1.3689325260653722
654.048,4.502847716354879,-3.7572548817864884,0.0,1.3824996313267128
654.069,4.505749404451306,-3.7414643396722913,0.0,1.3956257365881253
654.09,4.508372971856358,-3.7260723851342936,0.0,1.408310841849521
654.111,4.510853784156756,-3.710295298048847,0.0,1.4213529471108028
654.132,4.513128624874219,-3.6944871986601435,0.0,1.434395052372153
654.153,4.515257812250539,-3.6782139547145305,0.0,1.446996157634244
654.174,4.517192310579547,-3.661831832882325,0.0,1.4595132628964569
654.195,4.518875375565598,-3.6458653479287704,0.0,1.472030368158561
654.216,4.520317722410515,-3.6303181587285915,0.0,1.484547473420569
654.237,4.521597392331833,-3.6143985523507998,0.0,1.4966235786827924
654.258,4.522658119647409,-3.5989048545525604,0.0,1.5082586839449852
654.279,4.523535042034896,-3.5834837996372477,0.0,1.519725789207169
654.3,4.524251562633948,-3.5676130070612415,0.0,1.5316338944692678
654.321,4.52478116434874,-3.551650833420737,0.0,1.5436259997314015
654.342,4.525117547611934,-3.5356834229270455,0.0,1.5558391576250639
654.363,4.525262419647947,-3.519713119595483,0.0,1.56761131551888
654.384,4.525221708700323,-3.503301205258261,0.0,1.5789424734128361
654.405,4.524995263705147,-3.486806792591527,0.0,1.5901056313067627
654.426,4.524584706910435,-3.4703159354374855,0.0,1.6012687892006283
654.447,4.523978875440769,-3.4534163458318154,0.0,1.611990947094347
654.468,4.523216033050966,-3.4369645684419057,0.0,1.6222721049879738
654.489,4.52229021789336,-3.42060528818148,0.0,1.6323852628815574
654.51,4.5211733417384945,-3.4038159353577195,0.0,1.642057420775295
654.531,4.519888453214208,-3.3869543585942163,0.0,1.6516455786689772
654.552,4.51848329493546,-3.3705449425165037,0.0,1.6607927365627855
654.573,4.516973259123727,-3.354587755266549,0.0,1.6694988944566655
654.594,4.5153316032476845,-3.3387013479141054,0.0,1.678037052350503
654.615,4.513557867438921,-3.3228291398193837,0.0,1.6861342102444736
654.636,4.511659167442644,-3.3069713904672136,0.0,1.693790368138516
654.657,4.509640445431074,-3.2911284711745616,0.0,1.701278526032522
654.678,4.50744771654531,-3.274863591928826,0.0,1.7083256839268322
654.699,4.5051292985523155,-3.258531305164665,0.0,1.715288841821053
654.72,4.502765732866037,-3.242651212012761,0.0,1.7218109997152702
654.741,4.500315032781925,-3.226869329830975,0.0,1.7278921576095594
654.762,4.497769730682831,-3.21110242727666,0.0,1.7338053155038122
654.783,4.495207473456108,-3.1957852222179493,0.0,1.7392774733981162
654.804,4.4924897681822955,-3.180047113622681,0.0,1.744308631292595
654.825,4.4896942373812605,-3.1643226413903007,0.0,1.749171789187024
654.846,4.486744305364378,-3.148177893718361,0.0,1.7538691576078456
654.867,4.483799871399442,-3.132480621287566,0.0,1.758566526028517
654.888,4.480781734318684,-3.116797353079063,0.0,1.7632638944491816
654.909,4.477778691357223,-3.1015604274180864,0.0,1.7675202628698976
654.93,4.4746271567244875,-3.0859034148617455,0.0,1.7713356312907809
654.951,4.471417221916962,-3.070258269994593,0.0,1.7749829997116213
654.972,4.468063577714075,-3.054192520358479,0.0,1.7781893681325949
654.993,4.464570137972746,-3.037705523247037,0.0,1.7810077891850782
655.014,4.46101817282983,-3.0211722460584407,0.0,1.783826210237425
655.035,4.457513468625153,-3.005079944608675,0.0,1.7866446312897515
655.056,4.454058482105603,-2.9894282177409663,0.0,1.789463052342139
655.077,4.450596071224488,-2.9739502385645475,0.0,1.7922814733945678
655.098,4.446992566217241,-2.958051989101982,0.0,1.7950998944469352
655.119,4.443245571360465,-2.941734145144634,0.0,1.797918315499282
655.14,4.4394145409821,-2.9252632946136568,0.0,1.8007367365516356
655.161,4.435638221561058,-2.909232557601772,0.0,1.803555157603996
655.182,4.431919062709507,-2.893641491466637,0.0,1.8063735786564385
655.203,4.428195418582795,-2.878224273724307,0.0,1.809191999708874
655.224,4.424323593850512,-2.862389231648098,0.0,1.812010420761269
655.245,4.420513104919257,-2.8469932483211884,0.0,1.8148288418137044
655.266,4.416659238816228,-2.831608065691285,0.0,1.817647262866133
655.287,4.4128703876773185,-2.816661285386893,0.0,1.8204656839185684
655.308,4.409060295019,-2.801806609165499,0.0,1.8232841049709905
655.329,4.40509758139421,-2.786535868562671,0.0,1.8261025260234605
655.35,4.400979872131264,-2.7708498092702465,0.0,1.8289209470759165
655.371,4.396704795559046,-2.7547491870582683,0.0,1.8317393681283864
655.392,4.3923190007515895,-2.7384173006123627,0.0,1.8345577891808562
655.413,4.388002767878406,-2.7225234259652242,0.0,1.8373762102333189
655.434,4.383663999168312,-2.706722781010062,0.0,1.8401946312857473
655.455,4.379398686577823,-2.6913593549710915,0.0,1.843013052338176
655.476,4.375209259235601,-2.6764326049006435,0.0,1.845831473390598
655.497,4.371023632078735,-2.661679342989712,0.0,1.8486498944429588
655.518,4.366880222868703,-2.6472301085391026,0.0,1.8514683154952372
655.539,4.362573351541646,-2.632369038584938,0.0,1.8542867365475841
655.56,4.358201003497204,-2.6174395522934613,0.0,1.8571051575999584
655.581,4.353911735535411,-2.60294532047428,0.0,1.859923578652271
655.602,4.349605696972184,-2.5885437147311907,0.0,1.862741999704584
655.623,4.345131563874431,-2.573732142436791,0.0,1.865560420756985
655.644,4.340486992136457,-2.558511440066491,0.0,1.868378841809407
655.665,4.335782611294559,-2.5432489647035954,0.0,1.8711972628616993
655.686,4.331166319887004,-2.5284208755235746,0.0,1.8740156839139506
655.707,4.32653344992713,-2.5136859883538762,0.0,1.8768341049662018
655.728,4.32198449991356,-2.499359255653675,0.0,1.8796525260184258
655.749,4.3173951892557,-2.485045400695218,0.0,1.8824709470706702
655.77,4.312629729092267,-2.47032497508189,0.0,1.885289368122942
655.791,4.307685792275455,-2.4551988613700417,0.0,1.888107789175241
655.812,4.302646600288519,-2.439927202836658,0.0,1.8909262102275128
655.833,4.2974250184820635,-2.424251408828358,0.0,1.8937446312797641
655.854,4.292299823080528,-2.409008397894093,0.0,1.8965630523320491
655.875,4.287131686868942,-2.3937798924407314,0.0,1.8993814733843553
655.896,4.282060289497345,-2.378984338313328,0.0,1.902640894436548
655.917,4.276967572479212,-2.3642849792632736,0.0,1.9059843154888654
655.938,4.271685421182382,-2.3492127168117056,0.0,1.9097687365411309
655.959,4.266349586492607,-2.3341593732391632,0.0,1.913112157593598
655.98,4.260963452053979,-2.3191239537119683,0.0,1.9164555786460038
656.001,4.255680409125634,-2.3045201246644362,0.0,1.919357999698529
656.022,4.250506820481543,-2.290345734407651,0.0,1.922176420750985
656.043,4.2453131611478545,-2.2762399157922006,0.0,1.9249948418034137
656.064,4.240079766358554,-2.2621487911009206,0.0,1.927813262855863
656.085,4.234803574574226,-2.2480736368966925,0.0,1.9310726839081722
656.106,4.2294809437405005,-2.2340159786215006,0.0,1.934416104960537
656.127,4.223956993533235,-2.219563072155039,0.0,1.9373185260130623
656.148,4.218361510852725,-2.205047647189899,0.0,1.940136947065532
656.169,4.212881814693877,-2.190960296315919,0.0,1.9433963681178688
656.19,4.207514430128852,-2.177302543774101,0.0,1.9470967891700512
656.211,4.20215743680799,-2.1638213274754294,0.0,1.9509652102222155
656.232,4.1965808386428884,-2.149952970560639,0.0,1.9552746312742877
656.253,4.190912269276264,-2.13603121336017,0.0,1.959668052326415
656.274,4.185180479463518,-2.1221353673719787,0.0,1.9643654207468066
656.295,4.1793834792193465,-2.108266598920789,0.0,1.9690627891671637
656.316,4.173349413292518,-2.0940191322173964,0.0,1.9737601575875756
656.337,4.16707459980836,-2.079394897365945,0.0,1.9784575260080286
656.358,4.160708250338902,-2.064747588822613,0.0,1.9831548944284747
656.379,4.154450856000299,-2.0505339648177325,0.0,1.9878522628488797
656.4,4.148303309218886,-2.0367540273379943,0.0,1.9929906312690557
656.421,4.142108147699888,-2.0230584869732944,0.0,1.9982129996892881
656.442,4.135660796897895,-2.0089932137506734,0.0,2.002994368109796
656.463,4.128961197507163,-1.994558640765772,0.0,2.0076917365303037
656.484,4.122122424924975,-1.980003645215611,0.0,2.0123891049507634
656.505,4.115022658958299,-1.965084250535315,0.0,2.017527473371083
656.526,4.107809213590642,-1.9501261743394644,0.0,2.022749841791629
656.547,4.100708179619008,-1.9356037585360892,0.0,2.0284132102119803
656.568,4.093717867783908,-1.9215184060126602,0.0,2.034517578632164
656.589,4.086716139310256,-1.9076266043476655,0.0,2.040789947052466
656.61,4.079424299659259,-1.893387549451564,0.0,2.0473662628414004
656.631,4.072000199032172,-1.8791222426107463,0.0,2.0539425786304033
656.652,4.0642762895303335,-1.8645162214824715,0.0,2.0605188944194537
656.673,4.056662088521551,-1.8503514742842768,0.0,2.06753621020833
656.694,4.049157175741566,-1.8366291253600961,0.0,2.0749945259971208
656.715,4.041589840840749,-1.8230371638347798,0.0,2.082620841785927
656.736,4.033698552033336,-1.80912139202191,0.0,2.090688157574696
656.757,4.025652650293857,-1.7951973403602042,0.0,2.098839473363548
656.778,4.017547504501245,-1.7814358137658692,0.0,2.107294736520759
656.799,4.009096184963223,-1.7673670933844685,0.0,2.1161909996779324
656.82,4.000475557977593,-1.7533028581034742,0.0,2.125171262835189
656.841,3.9914919884791353,-1.7389446858985196,0.0,2.134592525992155
656.862,3.9823277224541926,-1.7246013850376962,0.0,2.1440977891489927
656.883,3.9732654365644957,-1.7107171906621288,0.0,2.154044052305724
656.904,3.9643076059298856,-1.6972924384451107,0.0,2.1643782628308297
656.925,3.955007313374151,-1.683668133768197,0.0,2.1751534733559046
656.946,3.9455601915537137,-1.6701452284718517,0.0,2.186012683881076
656.967,3.9362203727239162,-1.6570865242364121,0.0,2.197312894406114
656.988,3.9267826816909217,-1.6442023573899252,0.0,2.208697104931235
657.009,3.916937189438669,-1.631071513324591,0.0,2.2196403154565645
657.03,3.9066831422977617,-1.617697011851419,0.0,2.230142525981918
657.051,3.8962548717789285,-1.6043848170933996,0.0,2.240476736507515
657.072,3.885965115516889,-1.5915254314486447,0.0,2.2508109470329893
657.093,3.875822089083047,-1.5791145336489893,0.0,2.261145157558395
657.114,3.8655881776301375,-1.5668532405493665,0.0,2.271479368083835
657.135,3.8549447874913683,-1.5543603817492684,0.0,2.2813725786095587
657.156,3.844123743130084,-1.5419095757752166,0.0,2.291181789135213
657.177,3.8328857612411564,-1.529237993267054,0.0,2.3014319996607684
657.198,3.8214615800148564,-1.5166204761725706,0.0,2.3117662101863314
657.219,3.810204291741647,-1.5044480094439425,0.0,2.3225414207116177
657.24,3.7985108807269516,-1.4920796088089472,0.0,2.3337576312369346
657.261,3.7866784556133335,-1.4798441349851736,0.0,2.3451418417622807
657.282,3.7747878885838557,-1.4678200981333276,0.0,2.3560850522877805
657.303,3.762766953185136,-1.4559263938205762,0.0,2.3669442628132384
657.324,3.7509369312780634,-1.4444680595016737,0.0,2.377362473338611
657.345,3.7386687176180575,-1.432829576401596,0.0,2.387696683863785
657.366,3.726280886655907,-1.4213184948132134,0.0,2.3980308943888633
657.387,3.714103341627829,-1.4102301909841715,0.0,2.4079241049140134
657.408,3.701879818783252,-1.3993183254653583,0.0,2.4177333154391283
657.429,3.689220439576604,-1.3882336497714542,0.0,2.427101525964472
657.45,3.6763964870793804,-1.3772104812863037,0.0,2.4360287364898876
657.471,3.6634755554818796,-1.3663011459002594,0.0,2.44478794701524
657.492,3.650801314972977,-1.3557841424971995,0.0,2.453106157540623
657.513,3.6383839675138026,-1.3456489656622923,0.0,2.460983368066016
657.534,3.62593281790569,-1.335646859268873,0.0,2.4686925785914484
657.555,3.6134071118045834,-1.3257382727938292,0.0,2.4759607891172872
657.576,3.6008101311905323,-1.3159204571264511,0.0,2.483144999643084
657.597,3.5877953718517333,-1.3059219327213094,0.0,2.4898882101690005
657.618,3.5746469489613055,-1.2959601195168922,0.0,2.4965474206948546
657.639,3.561081441609619,-1.2858191216465937,0.0,2.5027656312208486
657.66,3.54781014332817,-1.2760215894322755,0.0,2.5085428417468463
657.681,3.5344832799507135,-1.2662997711115653,0.0,2.514152052272808
657.702,3.521461890968032,-1.256907882578488,0.0,2.5193202627988076
657.723,3.5084609068954595,-1.247631655659578,0.0,2.5244044733247857
657.744,3.4950547268480237,-1.238164379167076,0.0,2.52904768385089
657.765,3.481968157181363,-1.2290092799776107,0.0,2.533249894377025
657.786,3.4688439952105248,-1.2199081509936431,0.0,2.5372841049031307
657.807,3.456048564020122,-1.2111070592488449,0.0,2.5408773154292947
657.828,3.4432913361400934,-1.2023988198238542,0.0,2.5443865259553897
657.849,3.4308486263019176,-1.193965127851487,0.0,2.5474547364815976
657.87,3.418015372760759,-1.185321740531852,0.0,2.550273157534108
657.891,3.4050880063310567,-1.1766678289573154,0.0,2.553091578586544
657.912,3.3925034576047657,-1.168294674890275,0.0,2.555909999639
657.933,3.379527516076771,-1.159713769937564,0.0,2.558728420691374
657.954,3.3665274415147177,-1.151169470684352,0.0,2.5615468417437346
657.975,3.353156336181302,-1.1424351764672778,0.0,2.5643652627960405
657.996,3.339760667068342,-1.133738602295428,0.0,2.5671836838483735
658.017,3.32634054058427,-1.1250798172499963,0.0,2.570002104900618
658.038,3.313267298378255,-1.1166969350896139,0.0,2.5728205259528214
658.059,3.300241320584599,-1.1083960745022996,0.0,2.575638947005032
658.08,3.286819428274054,-1.099896010911788,0.0,2.5784573680572693
658.101,3.2737468670307868,-1.0916687071910773,0.0,2.5812757891094726
658.122,3.260651169733162,-1.083478280080201,0.0,2.5840942101616897
658.143,3.2471578877770675,-1.0750920046082793,0.0,2.5869126312139206
658.164,3.2335695553427435,-1.0666996524371428,0.0,2.5897310522661923
658.185,3.219583656784464,-1.0581118712204896,0.0,2.5921084733187882
658.206,3.2059519026295935,-1.049790234844357,0.0,2.5949268943710666
658.227,3.192296748772559,-1.0415070514917195,0.0,2.597745315423427
658.248,3.1786201206581843,-1.0332593702758162,0.0,2.6001227364759685
658.269,3.1653003488423357,-1.025274005295677,0.0,2.602941157528206
658.29,3.1520302901681316,-1.017369201265594,0.0,2.605759578580512
658.311,3.1391175129777102,-1.0097264504078707,0.0,2.60857799963277
658.332,3.126255654113965,-1.0021627045877173,0.0,2.6113964206850757
658.353,3.1132787691599435,-0.9945766175780536,0.0,2.613773841737631
658.374,3.1002855507841374,-0.987018537710346,0.0,2.615710262790299
658.395,3.0872783536256274,-0.9794845395123873,0.0,2.617478683842931
658.416,3.073877559361199,-0.9717502407588622,0.0,2.6188061048956413
658.437,3.060394027939666,-0.9639912783431627,0.0,2.62004952594831
658.458,3.046542568744853,-0.956040707195787,0.0,2.620988999632592
658.479,3.0323009674152748,-0.9478839772546045,0.0,2.621928473316819
658.5,3.0179787789315244,-0.939698951326699,0.0,2.622867947001012
658.521,3.003288860123359,-0.9313220685744001,0.0,2.6238074206851913
658.542,2.988591077938161,-0.9229589903089602,0.0,2.6247468943692613
658.563,2.9742689451785496,-0.9148274596824228,0.0,2.625686368053345
658.584,2.959555475163578,-0.9064920125225921,0.0,2.6266258417373676
658.605,2.944834180709568,-0.8981703919570447,0.0,2.627565315421431
658.626,2.9301050748097466,-0.889862605330563,0.0,2.628504789105487
658.647,2.915368170464176,-0.8815686599756886,0.0,2.6294442627895642
658.668,2.9006234806798212,-0.8732885632127526,0.0,2.6303837364736617
658.689,2.8862557395436697,-0.8652378929448352,0.0,2.6313232101578
658.71,2.8719537601042626,-0.8572417165452464,0.0,2.632262683841959
658.731,2.857259149340596,-0.849044132661534,0.0,2.633202157526063
658.752,2.8424834480078713,-0.8408195032250619,0.0,2.6341416312101607
658.773,2.828085554820332,-0.8328228821336355,0.0,2.6350811048942444
658.794,2.8132944259332895,-0.8246260299642733,0.0,2.636020578578342
658.815,2.7984956028477916,-0.8164430772864802,0.0,2.636960052262494
658.836,2.7840769832994416,-0.8084838875178697,0.0,2.637458525946704
658.857,2.770042294377149,-0.8007417196918369,0.0,2.6375159996309656
658.878,2.7560577081280164,-0.7930277149209787,0.0,2.6375159996309794
658.899,2.7420731218789083,-0.7853137101501345,0.0,2.6375159996310202
658.92,2.7280885356298095,-0.7775997053792958,0.0,2.6375159996310136
658.941,2.713716053158608,-0.7696758669894076,0.0,2.6379569996309282
658.962,2.6992661645262115,-0.761718451285527,0.0,2.6384819996308915
658.983,2.6844507299731335,-0.7535656113442655,0.0,2.638565999631036
659.004,2.6700213252320935,-0.7456259907054744,0.0,2.6385659996310427
659.025,2.6556655152001865,-0.7377268647427997,0.0,2.6385659996310493
659.046,2.64169438296418,-0.7300434163397302,0.0,2.6390069996309364
659.067,2.628104731094425,-0.722581467887247,0.0,2.6398889996307657
659.088,2.6146556234182685,-0.7152126245041479,0.0,2.6408284733148633
659.109,2.601199598843885,-0.7078564194538538,0.0,2.641767946998961
659.13,2.588001915808175,-0.7006613174904813,0.0,2.643148420682959
659.151,2.574795894961503,-0.6934815290232996,0.0,2.644087894367152
659.172,2.5615831347213933,-0.6863141504318313,0.0,2.6450273680512972
659.193,2.548751483198007,-0.6793691020121162,0.0,2.645966841735538
659.214,2.535987223788283,-0.6724760258478804,0.0,2.646906315419772
659.235,2.5228282639679294,-0.665385759534022,0.0,2.647845789103931
659.256,2.5095870942694924,-0.6582710034042449,0.0,2.6492262627879155
659.277,2.496335817549339,-0.6511750897523171,0.0,2.650690736471956
659.298,2.4830757233483918,-0.6440956655023723,0.0,2.651714210156143
659.319,2.4698086871754747,-0.6370292590450702,0.0,2.6526536838403016
659.34,2.4569244441802325,-0.6301822698668642,0.0,2.653593157524481
659.361,2.4436441540286378,-0.6231408039314049,0.0,2.6545326312085917
659.382,2.430357254466681,-0.6161118175846334,0.0,2.655472104892682
659.403,2.417063757221575,-0.6090953170304362,0.0,2.656411578576793
659.424,2.403763674026291,-0.6020913084616443,0.0,2.657351052260863
659.445,2.3904570166196324,-0.5950997980600748,0.0,2.65829052594494
659.466,2.377534383123234,-0.588325543718451,0.0,2.6592299996289896
659.487,2.36421307731295,-0.5813619856282934,0.0,2.6606104733128855
659.508,2.3508818796378983,-0.5744173838529375,0.0,2.6620749469969054
659.529,2.3379304567828103,-0.5676983381140386,0.0,2.6639804206807236
659.55,2.3245759319077717,-0.5607987011215152,0.0,2.6654448943649003
659.571,2.3112113170200868,-0.5539186288709799,0.0,2.6669093680490086
659.592,2.297838153235103,-0.5470551868549681,0.0,2.667932841733237
659.613,2.2844582595126806,-0.5402048735038604,0.0,2.668872315417416
659.634,2.2706776538648903,-0.5331695647516477,0.0,2.670252789101462
659.655,2.256812186158179,-0.5261157777854364,0.0,2.6717172627855637
659.676,2.2425651200033303,-0.5188980530084537,0.0,2.6736227364695866
659.697,2.228696561760418,-0.5119090962663673,0.0,2.6759692101534354
659.718,2.2148861633435315,-0.5049914874481933,0.0,2.6784836838373067
659.739,2.200662543869044,-0.4979142759011499,0.0,2.6813021048896264
659.76,2.186343724297013,-0.4908399731530087,0.0,2.684120525942021
659.781,2.1720050232582806,-0.48380605491129275,0.0,2.6869389469944225
659.802,2.1580430272454514,-0.4770056841547898,0.0,2.6897573680468514
659.823,2.1441375423605895,-0.4702812604557685,0.0,2.6925757890993074
659.844,2.1298156056695725,-0.46340518572845857,0.0,2.695394210151777
659.865,2.1150747079376906,-0.45638300652538044,0.0,2.6986536312040523
659.886,2.10015880035162,-0.44933778120542583,0.0,2.701997052256226
659.907,2.0856173064619044,-0.44253268290951236,0.0,2.705781473308348
659.928,2.0711260970505943,-0.4358185892355388,0.0,2.709649894360533
659.949,2.057011301263937,-0.42934133375648936,0.0,2.713077315412926
659.97,2.0424744049603913,-0.42272673033388164,0.0,2.7160637364653843
659.991,2.0279183709577513,-0.4161543466396616,0.0,2.718882157517806
660.012,2.0133438710479354,-0.40962301402763845,0.0,2.721700578570201
660.033,1.998751021003365,-0.4031327843793992,0.0,2.7245189996226022
660.054,1.983736488810159,-0.3965056344420162,0.0,2.727337420674956
660.075,1.9691058754498076,-0.3901009916698152,0.0,2.730596841727211
660.096,1.954454197776287,-0.38374468567503506,0.0,2.733940262779514
660.117,1.9393747700417476,-0.37726656794668234,0.0,2.7377246838316704
660.138,1.9241933594834486,-0.3708133372415319,0.0,2.7415931048840054
660.159,1.9093922481974293,-0.3645930944175105,0.0,2.745902525936221
660.18,1.8946407001248697,-0.35847215723870995,0.0,2.750652946988378
660.201,1.8794507489096541,-0.3522576380528231,0.0,2.755844368040511
660.222,1.8641500560059165,-0.3460925851608744,0.0,2.761287789092695
660.243,1.8492246640247263,-0.34017678889788894,0.0,2.767172210144766
660.264,1.8343427471509515,-0.33438003850345316,0.0,2.773140631196879
660.285,1.8194252432767135,-0.32867550284249925,0.0,2.77955005224879
660.306,1.8048831946463308,-0.32322477691003454,0.0,2.7864004733005547
660.327,1.7903825582991648,-0.31790395854293496,0.0,2.7934188943522664
660.348,1.776233917076192,-0.31282820544569356,0.0,2.8008783154038244
660.369,1.7616304886673415,-0.3077155414844977,0.0,2.808778736455447
660.39,1.746907205658383,-0.30269251718504164,0.0,2.8168471575071536
660.411,1.7317242545370635,-0.2976527768005251,0.0,2.8253565785588637
660.432,1.716418817119898,-0.2927172752649693,0.0,2.8339499996106157
660.453,1.700649586034207,-0.2877852260765693,0.0,2.842984420662337
660.474,1.684755846464217,-0.2829721609408234,0.0,2.8521028417137857
660.495,1.66924110237101,-0.2784316027835994,0.0,2.8616622627648556
660.516,1.65325826413627,-0.2739232718341774,0.0,2.8716626838159627
660.537,1.6372307777121278,-0.2695763456736103,0.0,2.8818311048670924
660.558,1.6208648443436873,-0.2653196517800554,0.0,2.89244052591815
660.579,1.6044545015885545,-0.2612375168064489,0.0,2.9031339469692568
660.6,1.588429683720265,-0.25743650285508257,0.0,2.9142683680200934
660.621,1.5724453304957526,-0.25383329472300226,0.0,2.925486789071129
660.642,1.556852097636213,-0.25050521293050615,0.0,2.9371462101220795
660.663,1.5416527822036155,-0.2474495287445432,0.0,2.9492466311732586
660.684,1.5265824614653971,-0.24461036505594144,0.0,2.9615150522244873
660.705,1.5110446966629936,-0.24187654976204764,0.0,2.9733424732761975
660.726,1.4953928966625758,-0.2393124591222295,0.0,2.9850858943279612
660.747,1.4792755298697637,-0.23686972289850816,0.0,2.9972703153796876
660.768,1.4634564386285338,-0.2346725687805473,0.0,3.009895736431294
660.789,1.4476107040086186,-0.2326766385464818,0.0,3.0226891574829433
660.81,1.432178564259687,-0.23093650140276975,0.0,3.035923578534398
660.831,1.4168082718671013,-0.2294096985125203,0.0,3.049241999585895
660.852,1.401858111882942,-0.22812877354057978,0.0,3.06300142063719
660.873,1.3873314381566662,-0.2270876830952157,0.0,3.0770935258988694
660.894,1.3729592575599745,-0.22626104738930744,0.0,3.091185631160624
660.915,1.3581361398585412,-0.22562117412245775,0.0,3.1057187364224093
660.936,1.3432213072335848,-0.22519501057156652,0.0,3.120335841684127
660.957,1.32874282927499,-0.2249898547739227,0.0,3.1345119469456573
660.978,1.3147039019898301,-0.22499305348721366,0.0,-3.134056254972819
660.999,1.300834501202802,-0.22519895919127553,0.0,-3.1194391497116816
661.02,1.2865288881122112,-0.22562371111070428,0.0,-3.1043810444505886
661.041,1.2721474060090516,-0.22626818304374108,0.0,-3.0892389391894124
661.062,1.2573369229694125,-0.22715348424279924,0.0,-3.0745378339279186
661.083,1.2421010207362335,-0.22828583572603162,0.0,-3.0602777286662644
661.104,1.2267153549733354,-0.22964887743079657,0.0,-3.046185623404619
661.125,1.2117887626337367,-0.23118020011268994,0.0,-3.032534518142929
661.146,1.1969678267810167,-0.23290480357281731,0.0,-3.0189674128810626
661.167,1.1817347881344729,-0.23489058696000045,0.0,-3.0049593076191448
661.188,1.1668582197792263,-0.23704287421832823,0.0,-2.9908672023573155
661.209,1.1520134578040886,-0.23940458300013243,0.0,-2.976775097095486
661.23,1.1367683597923275,-0.24204730284286344,0.0,-2.963123991833413
661.251,1.1211266557239528,-0.24497568226848526,0.0,-2.9499138865711876
661.272,1.1054683852714768,-0.24812043551898835,0.0,-2.9368717813089975
661.293,1.0898532059269983,-0.2514725739359472,0.0,-2.923388676047009
661.314,1.0747137572805334,-0.2549332401650268,0.0,-2.9103465707849354
661.335,1.0597023654847826,-0.25857127211392805,0.0,-2.897304465522964
661.356,1.0443116213984978,-0.2625108276705712,0.0,-2.884703360260757
661.377,1.0288915575685564,-0.266669257428491,0.0,-2.8716612549987444
661.398,1.0135270383106458,-0.2710284379185467,0.0,-2.858619149736684
661.419,0.9986443084355408,-0.27546501682902835,0.0,-2.845136044475119
661.44,0.9839031113442586,-0.2800773904779497,0.0,-2.831568939213798
661.461,0.9688056968071782,-0.2850233880229833,0.0,-2.8184428339522762
661.482,0.9536948093248951,-0.29019368647312854,0.0,-2.8054007286908105
661.503,0.9382360623081762,-0.2957054056299208,0.0,-2.79279962342919
661.524,0.9232602487089416,-0.3012548548005656,0.0,-2.7806395181676145
661.545,0.908763412848684,-0.3068245517862609,0.0,-2.7689204129060903
661.566,0.8944101732630048,-0.31253090271928735,0.0,-2.75745330764463
661.587,0.8805054145031285,-0.31824087297812187,0.0,-2.746427202383139
661.608,0.8666642111323817,-0.324103227498241,0.0,-2.7354850971217304
661.629,0.8524824411999595,-0.3302899795471241,0.0,-2.724983991860039
661.65,0.8379626424961639,-0.33680268288188925,0.0,-2.7149238865977092
661.671,0.8233559422965662,-0.3435301922157959,0.0,-2.705031781335333
661.692,0.8092137369066317,-0.3502103056589507,0.0,-2.6955806760729804
661.713,0.7947367932382314,-0.3572127005261214,0.0,-2.6865705708104133
661.734,0.7803229277761856,-0.36434403833429246,0.0,-2.6777284655479017
661.755,0.7660699101063898,-0.3715499032949282,0.0,-2.669273202390602
661.776,0.7522686184600537,-0.37867068925865893,0.0,-2.6612589392333255
661.797,0.7385988727477926,-0.38586216641722554,0.0,-2.653328676076126
661.818,0.7245996024800921,-0.3933733180816256,0.0,-2.6449574129189903
661.839,0.7105903390964597,-0.40104231684112396,0.0,-2.636502149761793
661.86,0.696646419111362,-0.40882949206539265,0.0,-2.628046886604527
661.881,0.6831520334599562,-0.41651601623180967,0.0,-2.6195916234472474
661.902,0.6701044558398014,-0.42409485988647644,0.0,-2.611136360289941
661.923,0.6572659767310062,-0.43169814466466194,0.0,-2.6026810971326815
661.944,0.6441129544505467,-0.4396347310102075,0.0,-2.5946668339754124
661.965,0.6306463850448845,-0.44790436143052526,0.0,-2.587093570818112
661.986,0.6170996259745434,-0.456363597518813,0.0,-2.579688307660834
662.007,0.6039900391811295,-0.46468946272922723,0.0,-2.5718420445037373
662.028,0.591017087488637,-0.4730728878012735,0.0,-2.5639117813465924
662.049,0.5777406169986082,-0.48179828709917827,0.0,-2.5564225181892857
662.07,0.5648946801466801,-0.490375084905546,0.0,-2.5493742550318674
662.091,0.5521087841611948,-0.49904113732776556,0.0,-2.542493991874498
662.112,0.5390181057034784,-0.5080428965551618,0.0,-2.535917676085482
662.133,0.5256231201706352,-0.5173798569282553,0.0,-2.5297823602964273
662.154,0.512148041802995,-0.5268951701138946,0.0,-2.5237310445074157
662.175,0.4990874203477152,-0.536232418428862,0.0,-2.5181207287183183
662.196,0.48572421979385944,-0.5459042224485118,0.0,-2.5120694129292716
662.217,0.4724197906920338,-0.5556567138386261,0.0,-2.5060180971401644
662.238,0.458818299550436,-0.5657494061518423,0.0,-2.5004077813509507
662.259,0.4456241293466127,-0.5756505686641743,0.0,-2.495238465561713
662.28,0.4324804791312474,-0.5856187000951092,0.0,-2.490237149772497
662.301,0.4197354021674708,-0.5953822677946019,0.0,-2.485539781351669
662.322,0.40710277024547903,-0.6051542002473691,0.0,-2.4808424129309024
662.343,0.39451617989256005,-0.6149853647982012,0.0,-2.4761450445101487
662.364,0.38232429959449454,-0.6246051391658033,0.0,-2.471006676089536
662.385,0.3702480909169012,-0.634235569251753,0.0,-2.465784307668894
662.406,0.35787679294653235,-0.6442029634446731,0.0,-2.461002939248174
662.427,0.3454877119185209,-0.6542818882097415,0.0,-2.4563055708275368
662.448,0.3331461118232511,-0.6644188976418872,0.0,-2.4516082024069275
662.469,0.32119172829504594,-0.6743322626471373,0.0,-2.4469108339863928
662.49,0.3093484503046443,-0.6842477490017924,0.0,-2.442213465565844
662.511,0.29721507579471984,-0.6945034401153423,0.0,-2.4375160971451932
662.532,0.28546547246538856,-0.704529751740788,0.0,-2.4328187287247194
662.553,0.27376309587138253,-0.7146111447623938,0.0,-2.4281213603043073
662.574,0.262420947295468,-0.7244754042820969,0.0,-2.4234239918839293
662.595,0.25112525974394034,-0.7343928330277651,0.0,-2.4187266234635385
662.616,0.2395439927247118,-0.7446531737667847,0.0,-2.4144702550429176
662.637,0.22768000059090265,-0.7552591730079274,0.0,-2.4097728866225534
662.658,0.21582329170926803,-0.7659592901862553,0.0,-2.405075518202135
662.679,0.20368853564116932,-0.7770093019549891,0.0,-2.4008191497815217
662.7,0.19192333886600996,-0.7878099666370708,0.0,-2.3970037813607887
662.721,0.1801985245479612,-0.7986544568781296,0.0,-2.393356412940085
662.742,0.16818821725310062,-0.8098396148784933,0.0,-2.3901500445193027
662.763,0.15615207415265353,-0.8211201640941307,0.0,-2.3870276760985547
662.784,0.14384791843885927,-0.8327207443875554,0.0,-2.3842092550460783
662.805,0.13157650687040306,-0.8443559568520814,0.0,-2.3813908339935885
662.826,0.11933793692521454,-0.8560257090634255,0.0,-2.3785724129410912
662.847,0.10745060953332312,-0.8674246811659208,0.0,-2.3757539918886286
662.868,0.09565592159462692,-0.8787988022901746,0.0,-2.372935570836159
662.889,0.08420991566942332,-0.8898991040658608,0.0,-2.3701171497837024
662.91,0.07277625031686827,-0.9010501421305358,0.0,-2.367298728731247
662.931,0.06137405865476096,-0.912233360746589,0.0,-2.364480307678818
662.952,0.04968946029918238,-0.9237583533516178,0.0,-2.3616618866263615
662.973,0.03834800664719864,-0.9350031668708124,0.0,-2.359284465573779
662.994,0.027032845089852542,-0.9462744369540991,0.0,-2.356991044521252
663.015,0.01605286503124157,-0.9572572646268607,0.0,-2.3551386234686262
663.036,0.004779537774558524,-0.9685703796876451,0.0,-2.353727202415942
663.057,-0.006478762496631782,-0.9798984494394128,0.0,-2.352483781363294
663.078,-0.01803522013596908,-0.9915519355528682,0.0,-2.351544307678978
663.099,-0.029639816616073098,-1.0032759738051433,0.0,-2.350604833994737
663.12,-0.04092345471065367,-1.0146971912270102,0.0,-2.3496653603105777
663.141,-0.05213737808942378,-1.026069193067344,0.0,-2.348725886626446
663.162,-0.06364996165895395,-1.0377660247460703,0.0,-2.3477864129423356
663.183,-0.07484249786235878,-1.049159076871775,0.0,-2.3468469392582376
663.204,-0.08602432565531438,-1.0605626390612939,0.0,-2.34590746557414
663.225,-0.09688697339051049,-1.0716615309513824,0.0,-2.344967991890036
663.246,-0.10768049101698984,-1.0827105355038864,0.0,-2.3440285182059526
663.267,-0.11815575458714617,-1.0934539260795328,0.0,-2.3430890445218617
663.288,-0.12831334813162978,-1.1038911147263977,0.0,-2.3421495708377646
663.309,-0.13834407450181582,-1.1142173359434664,0.0,-2.3412100971536667
663.33,-0.14867207314308153,-1.1248695919800091,0.0,-2.3402706234695487
663.351,-0.15904847501322109,-1.135591908870032,0.0,-2.3393311497854383
663.372,-0.1697236178174105,-1.14663880808542,0.0,-2.33883267610116
663.393,-0.1807020538151138,-1.158005884026363,0.0,-2.3387752024168096
663.414,-0.1917968698715412,-1.1694941205677132,0.0,-2.33877520241683
663.435,-0.2025853307996215,-1.1806651386745974,0.0,-2.3387752024168025
663.456,-0.21331543836987008,-1.1917757342224833,0.0,-2.3387752024167745
663.477,-0.2243544205437164,-1.203201114294479,0.0,-2.339216202416655
663.498,-0.2357024168269479,-1.2149411433868536,0.0,-2.339216202416737
663.519,-0.24716717310715497,-1.2268019661177783,0.0,-2.339216202416765
663.54,-0.25832543439545563,-1.2383457055476648,0.0,-2.3392162024167855
663.561,-0.2694253156852615,-1.2498290481582683,0.0,-2.339216202416779
663.582,-0.280218701983109,-1.2609953074677804,0.0,-2.3392162024168126
663.603,-0.29132111499007324,-1.272476202182323,0.0,-2.339657202416714
663.624,-0.3024260593544355,-1.283954648628778,0.0,-2.3396572024167823
663.645,-0.31353100371879816,-1.2954330950752326,0.0,-2.3396572024167823
663.666,-0.3246359480831633,-1.3069115415216899,0.0,-2.3396572024167885
663.687,-0.33574089244752847,-1.318389987968147,0.0,-2.3396572024167823
663.708,-0.3468483674493399,-1.3298659854023538,0.0,-2.3400982024166894
663.729,-0.3579583727285829,-1.341339533452346,0.0,-2.3400982024167925
663.75,-0.36906837800782416,-1.3528130815023347,0.0,-2.34009820241682
663.771,-0.3801783832870707,-1.3642866295523284,0.0,-2.340098202416847
663.792,-0.3912883885663051,-1.375760177602309,0.0,-2.3400982024168537
663.813,-0.40209407901529637,-1.3869145303291512,0.0,-2.3405392024167613
663.834,-0.41284668003589964,-1.3980033583876805,0.0,-2.3410642024167045
663.855,-0.42330016847710145,-1.4087679376796867,0.0,-2.3420036761006178
663.876,-0.4337798875632988,-1.41954401529873,0.0,-2.342502149784794
663.897,-0.44426452458684146,-1.4303153081136655,0.0,-2.3429166234689074
663.918,-0.4550638000760432,-1.4413957563712516,0.0,-2.3437720971528333
663.939,-0.4655649309104199,-1.4521509690719205,0.0,-2.3447115708368282
663.96,-0.47607616134835606,-1.4628963114915883,0.0,-2.3456510445208374
663.981,-0.48628880512849837,-1.473316814617103,0.0,-2.346590518204846
664.002,-0.49645238223746185,-1.4836677816073793,0.0,-2.3475299918888473
664.023,-0.5063164110896057,-1.493694816632071,0.0,-2.348469465572842
664.044,-0.5164994191682276,-1.5040266685352586,0.0,-2.3494089392568442
664.065,-0.5270019876411179,-1.514662746544734,0.0,-2.3503484129408667
664.086,-0.5375736205653355,-1.5253486684210091,0.0,-2.35128788662495
664.107,-0.5484657354130591,-1.5363378683833844,0.0,-2.3522273603091293
664.128,-0.5594273583867869,-1.5473764349807404,0.0,-2.353166833993302
664.149,-0.5700883115511848,-1.5580920678475894,0.0,-2.354106307677427
664.17,-0.5810730847715363,-1.5691075963145216,0.0,-2.3554867813614315
664.191,-0.5920735160630218,-1.5801074879818415,0.0,-2.3569512550454927
664.212,-0.6027800989073853,-1.5907775274185818,0.0,-2.358856728729454
664.233,-0.6134478271347896,-1.6013675163511676,0.0,-2.3608462024134713
664.254,-0.6238252738705863,-1.6116239040424063,0.0,-2.363276676097356
664.275,-0.6339151306846489,-1.6215438456417688,0.0,-2.3660950971496066
664.296,-0.6439127761484554,-1.631317867620667,0.0,-2.368913518201947
664.317,-0.6536217207929982,-1.640756275895271,0.0,-2.371731939254294
664.338,-0.6632968332966057,-1.6501089009357492,0.0,-2.3745503603066336
664.359,-0.6726803308720117,-1.6591286102690164,0.0,-2.3773687813589666
664.38,-0.68177041630808,-1.6678171244002702,0.0,-2.3801872024112867
664.401,-0.6907631806547249,-1.6763642460619943,0.0,-2.3830056234636063
664.422,-0.6994594899207178,-1.684583077483172,0.0,-2.385824044515926
664.443,-0.707857567568144,-1.6924753600322133,0.0,-2.3886424655682252
664.464,-0.7161551085284021,-1.700229237387202,0.0,-2.391460886620579
664.485,-0.7241514117714273,-1.707659507862854,0.0,-2.394279307672974
664.506,-0.7318447216563809,-1.714767933463759,0.0,-2.397097728725348
664.527,-0.7394343229592467,-1.721740985260169,0.0,-2.399916149777688
664.548,-0.7467179620557538,-1.7283951707897482,0.0,-2.402734570829987
664.569,-0.7539581508624508,-1.7349723198240845,0.0,-2.405552991882259
664.59,-0.7608895915459329,-1.7412334289415115,0.0,-2.4083714129345037
664.611,-0.7675105627533254,-1.7471802930977782,0.0,-2.411189833986734
664.632,-0.7740229664639664,-1.752996564959061,0.0,-2.4140082550389312
664.653,-0.7802219927575427,-1.7585016287012343,0.0,-2.416826676091059
664.674,-0.7863735446177476,-1.7639335991684488,0.0,-2.4196450971431536
664.695,-0.7922089919813341,-1.7690572434325187,0.0,-2.4224635181952134
664.716,-0.7977266483616365,-1.7738743887822963,0.0,-2.425281939247212
664.737,-0.8031309930823567,-1.7785658327469882,0.0,-2.428100360299156
664.758,-0.8082137336330788,-1.7829549930150297,0.0,-2.4304777813513145
664.779,-0.8132430068069258,-1.787277519059807,0.0,-2.4327712024033703
664.8,-0.8179479619019975,-1.7913007815898254,0.0,-2.435505623455047
664.821,-0.8226000761439458,-1.7952565514062995,0.0,-2.4383240445067185
664.842,-0.8269265544639258,-1.7989144673312558,0.0,-2.4411424655583684
664.863,-0.8312413282477256,-1.8025416832175085,0.0,-2.4439608866099785
664.884,-0.8355663079023112,-1.8061567238641267,0.0,-2.4467793076615947
664.905,-0.839901459072283,-1.8097595605550991,0.0,-2.4495977287132105
664.926,-0.8442467473214372,-1.8133501646713512,0.0,-2.4524161497648205
664.947,-0.8482606658426672,-1.816649440436682,0.0,-2.454793570816645
664.968,-0.8519404048096478,-1.8196607586730613,0.0,-2.456729991868575
664.989,-0.8555811699523633,-1.822628938841229,0.0,-2.4584984129204903
665.01,-0.8592278310995205,-1.8255898717324872,0.0,-2.460707833971978
665.031,-0.8628816759805699,-1.8285419345287046,0.0,-2.4633582550232442
665.052,-0.8665435792339857,-1.8314839950379806,0.0,-2.4661766760745465
665.073,-0.8702144058444095,-1.8344149134171712,0.0,-2.4694360971255582
665.094,-0.8738948885429603,-1.8373336968340739,0.0,-2.472779518176666
665.115,-0.8775857496759005,-1.8402393444119327,0.0,-2.476563939227491
665.136,-0.8812877018937454,-1.8431308478865565,0.0,-2.4804323602783716
665.157,-0.8846516419454058,-1.8457386365536876,0.0,-2.483859781329447
665.178,-0.8876745273386616,-1.8480665517737849,0.0,-2.4868462023805806
665.199,-0.8906585191807448,-1.8503507488303539,0.0,-2.4896646234317323
665.22,-0.893297559933994,-1.8523600396054736,0.0,-2.492042044483011
665.241,-0.8958743339910371,-1.8543124328186675,0.0,-2.4943354655342067
665.262,-0.8981242760330831,-1.856009859037501,0.0,-2.4961878865856106
665.283,-0.9007303312302423,-1.8579674844484264,0.0,-2.4984813076367445
665.304,-0.9034081465734028,-1.859969424612983,0.0,-2.5007747286880213
665.325,-0.9064235693113679,-1.8622119655295817,0.0,-2.503509149739118
665.346,-0.9094456050784839,-1.86444558609023,0.0,-2.5066845707898424
665.367,-0.9124749049516123,-1.8666693446150897,0.0,-2.510027991840575
665.388,-0.9155121104716899,-1.868882292564866,0.0,-2.513812412890949
665.409,-0.9185577613255301,-1.8710836026564703,0.0,-2.5176808339414136
665.43,-0.9216123872180009,-1.8732724406258867,0.0,-2.521990254991464
665.451,-0.9246759379958567,-1.8754487705350553,0.0,-2.525858676042161
665.472,-0.9277478847906985,-1.8776132330854785,0.0,-2.529727097092693
665.493,-0.9308277073296735,-1.8797664753284087,0.0,-2.5331545181436654
665.514,-0.93391480191052,-1.881909278806785,0.0,-2.536497939194583
665.535,-0.9370085735879611,-1.8840424313439839,0.0,-2.5394003602458386
665.556,-0.9401084343769978,-1.8861667257194552,0.0,-2.5422187812970383
665.577,-0.9428493795161452,-1.8880346136335322,0.0,-2.544596202348228
665.598,-0.9455251551005955,-1.8898489534090914,0.0,-2.5468896233993545
665.619,-0.9478391706074235,-1.8914110053382258,0.0,-2.5487420444506497
665.64,-0.9497898146117304,-1.892723138379219,0.0,-2.550153465502064
665.661,-0.9516026771161284,-1.8939390982304027,0.0,-2.551396886553497
665.682,-0.9530502873426236,-1.8949079231606523,0.0,-2.55219930760522
665.703,-0.9541318232267485,-1.8956308389447032,0.0,-2.552560728657308
665.724,-0.9550738621464523,-1.8962601347059733,0.0,-2.5527541497095863
665.745,-0.9556491847765667,-1.896644481159807,0.0,-2.5525065707630485
665.766,-0.9561545621219212,-1.8969823121037384,0.0,-2.5521749918168375
665.787,-0.9562932599462369,-1.8970751386385893,0.0,-2.5514024128726787
665.808,-0.9562932599463934,-1.8970751386386941,0.0,-2.550188833928647
665.829,-0.9562932599463934,-1.8970751386386941,0.0,-2.5488072549843466
665.85,-0.9562932599463992,-1.8970751386386981,0.0,-2.5469846760402337
665.871,-0.9562932599463992,-1.8970751386386981,0.0,-2.545078097095881
665.892,-0.9562932599464051,-1.8970751386387021,0.0,-2.5427305181517847
665.913,-0.9562932599464022,-1.8970751386387001,0.0,-2.539941939207705
665.934,-0.9562932599463994,-1.8970751386386981,0.0,-2.53671236026365
665.955,-0.9562932599463877,-1.8970751386386902,0.0,-2.5332307813194967
665.976,-0.9562932599463819,-1.8970751386386862,0.0,-2.529308202375504
665.997,-0.9562932599463703,-1.897075138638678,0.0,-2.525301623431339
666.018,-0.9562932599463587,-1.8970751386386697,0.0,-2.520854044487403
666.039,-0.9562932599463327,-1.897075138638651,0.0,-2.5163224655433156
666.06,-0.9562932599463212,-1.8970751386386426,0.0,-2.5113498865994646
666.081,-0.9562932599462954,-1.8970751386386238,0.0,-2.5059363076556846
666.102,-0.9562932599462612,-1.8970751386385984,0.0,-2.500354728711828
666.123,-0.9562932599462272,-1.897075138638573,0.0,-2.4943321497681596
666.144,-0.9562932599461932,-1.8970751386385472,0.0,-2.4882255708243877
666.165,-0.9562932599461651,-1.8970751386385254,0.0,-2.481677991880817
666.186,-0.9562932599461315,-1.8970751386384992,0.0,-2.4746894129373387
666.207,-0.9562932599460953,-1.8970751386384705,0.0,-2.4675328339937965
666.228,-0.9562932599460482,-1.8970751386384326,0.0,-2.4599352550504703
666.249,-0.9562932599459932,-1.8970751386383875,0.0,-2.4518966761072427
666.27,-0.9562932599459358,-1.8970751386383398,0.0,-2.443690097163938
666.291,-0.9562932599458762,-1.8970751386382894,0.0,-2.4350425182207465
666.312,-0.9562932599458224,-1.897075138638243,0.0,-2.4263109392773416
666.333,-0.9562932599457529,-1.8970751386381821,0.0,-2.4171383603339756
666.354,-0.9562932599456946,-1.8970751386381302,0.0,-2.4078817813904236
666.375,-0.9562932599456184,-1.8970751386380609,0.0,-2.39818420244693
666.396,-0.9562932599455195,-1.897075138637969,0.0,-2.388045623503275
666.417,-0.9562932599454138,-1.8970751386378688,0.0,-2.3777390445594215
666.438,-0.9562932599452887,-1.8970751386377478,0.0,-2.3669914656154822
666.459,-0.956293259945175,-1.8970751386376354,0.0,-2.3558028866715395
666.48,-0.9562932599451001,-1.8970751386375597,0.0,-2.344446307727451
666.501,-0.9562932599450359,-1.8970751386374933,0.0,-2.332648728783456
666.522,-0.9562932599449872,-1.8970751386374416,0.0,-2.3207671498393703
666.543,-0.9562932599449414,-1.8970751386373919,0.0,-2.308444570895357
666.564,-0.9562932599448987,-1.8970751386373443,0.0,-2.29568099195136
666.585,-0.9562932599448659,-1.8970751386373068,0.0,-2.2827494130072803
666.606,-0.9562932599448222,-1.8970751386372555,0.0,-2.269376834063286
666.627,-0.956293259944795,-1.8970751386372227,0.0,-2.255920255119153
666.648,-0.9562932599447571,-1.8970751386371756,0.0,-2.242022676175133
666.669,-0.9562932599447265,-1.8970751386371365,0.0,-2.2276840972311036
666.69,-0.9562932599447265,-1.8970751386371365,0.0,-2.2129045182869205
666.711,-0.9562932599447749,-1.8970751386372022,0.0,-2.1978729393424614
666.732,-0.9562932599448697,-1.8970751386373352,0.0,-2.1824003603977737
666.753,-0.9562932599449524,-1.8970751386374551,0.0,-2.166843781452962
666.774,-0.9562932599450195,-1.8970751386375557,0.0,-2.150846202508195
666.795,-0.9562932599450694,-1.8970751386376334,0.0,-2.134764623563338
666.816,-0.9562932599450994,-1.8970751386376816,0.0,-2.1182420446186003
666.837,-0.9562932599451213,-1.8970751386377183,0.0,-2.1012784656738597
666.858,-0.956293259945139,-1.8970751386377491,0.0,-2.0841468867290622
666.879,-0.9562932599451528,-1.897075138637774,0.0,-2.0665743077843164
666.9,-0.9562932599451611,-1.8970751386377898,0.0,-2.048917728839488
666.921,-0.9562932599451596,-1.8970751386377867,0.0,-2.031067728842081
666.942,-0.956293259945158,-1.8970751386377835,0.0,-2.0132177288446194
666.963,-0.956293259945152,-1.8970751386377707,0.0,-1.9953677288471372
666.984,-0.9562932599451448,-1.8970751386377545,0.0,-1.9775177288496624
667.005,-0.9562932599451504,-1.8970751386377676,0.0,-1.959667728852126
667.026,-0.9562932599451556,-1.8970751386377807,0.0,-1.9418177288545897
667.047,-0.9562932599451606,-1.897075138637794,0.0,-1.9239677288570394
667.068,-0.956293259945175,-1.8970751386378342,0.0,-1.9061177288595434
667.089,-0.9562932599451898,-1.897075138637878,0.0,-1.8882677288621506
667.11,-0.9562932599452103,-1.8970751386379423,0.0,-1.8704177288648254
667.131,-0.9562932599452378,-1.8970751386380342,0.0,-1.8525677288675688
667.152,-0.9562932599452714,-1.897075138638154,0.0,-1.834717728870353
667.173,-0.9562932599453072,-1.8970751386382914,0.0,-1.8168677288732265
667.194,-0.9562932599453406,-1.8970751386384295,0.0,-1.7990177288761813
667.215,-0.9562932599453723,-1.8970751386385716,0.0,-1.781167728879143
667.236,-0.9562932599453972,-1.8970751386386935,0.0,-1.763317728882159
667.257,-0.9562932599454198,-1.8970751386388158,0.0,-1.7454677288852027
667.278,-0.9562932599454409,-1.897075138638942,0.0,-1.7276177288883077
667.299,-0.9562932599454598,-1.8970751386390685,0.0,-1.7097677288914812
667.32,-0.9562932599454731,-1.8970751386391707,0.0,-1.6919177288947576
667.341,-0.9562932599454771,-1.897075138639206,0.0,-1.6740677288981765
667.362,-0.9562932599454738,-1.8970751386391707,0.0,-1.6566587289015857
667.383,-0.9562932599454674,-1.8970751386390892,0.0,-1.6393337289052143
667.404,-0.9562932599454607,-1.8970751386389757,0.0,-1.6215677289091606
667.425,-0.9562932599454544,-1.8970751386388267,0.0,-1.603717728913154
667.446,-0.9562932599454502,-1.897075138638649,0.0,-1.585867728917201
